id,level,need,cumStone,unlockGem,cumGem
threeGems,0,0,0,100,100
threeGems,1,1,1,0,100
threeGems,2,1,2,0,100
threeGems,3,1,3,0,100
threeGems,4,1,4,0,100
threeGems,5,1,5,100,200
threeGems,6,2,7,0,200
threeGems,7,2,9,0,200
threeGems,8,2,11,0,200
threeGems,9,2,13,0,200
threeGems,10,2,15,100,300
threeGems,11,3,18,0,300
threeGems,12,3,21,0,300
threeGems,13,3,24,0,300
threeGems,14,3,27,0,300
threeGems,15,3,30,100,400
threeGems,16,4,34,0,400
threeGems,17,4,38,0,400
threeGems,18,4,42,0,400
threeGems,19,4,46,0,400
threeGems,20,4,50,100,500
threeGems,21,5,55,0,500
threeGems,22,5,60,0,500
threeGems,23,5,65,0,500
threeGems,24,5,70,0,500
threeGems,25,5,75,100,600
threeGems,26,6,81,0,600
threeGems,27,6,87,0,600
threeGems,28,6,93,0,600
threeGems,29,6,99,0,600
threeGems,30,6,105,100,700
threeGems,31,7,112,0,700
threeGems,32,7,119,0,700
threeGems,33,7,126,0,700
threeGems,34,7,133,0,700
threeGems,35,7,140,101,801
threeGems,36,8,148,0,801
threeGems,37,8,156,0,801
threeGems,38,8,164,0,801
threeGems,39,8,172,0,801
threeGems,40,8,180,102,903
threeGems,41,9,189,0,903
threeGems,42,9,198,0,903
threeGems,43,9,207,0,903
threeGems,44,9,216,0,903
threeGems,45,9,225,103,1006
threeGems,46,10,235,0,1006
threeGems,47,10,245,0,1006
threeGems,48,10,255,0,1006
threeGems,49,10,265,0,1006
threeGems,50,10,275,104,1110
threeGems,51,11,286,0,1110
threeGems,52,11,297,0,1110
threeGems,53,11,308,0,1110
threeGems,54,11,319,0,1110
threeGems,55,11,330,105,1215
threeGems,56,12,342,0,1215
threeGems,57,12,354,0,1215
threeGems,58,12,366,0,1215
threeGems,59,12,378,0,1215
threeGems,60,12,390,107,1322
threeGems,61,13,403,0,1322
threeGems,62,13,416,0,1322
threeGems,63,13,429,0,1322
threeGems,64,13,442,0,1322
threeGems,65,13,455,109,1431
threeGems,66,14,469,0,1431
threeGems,67,14,483,0,1431
threeGems,68,14,497,0,1431
threeGems,69,14,511,0,1431
threeGems,70,14,525,111,1542
threeGems,71,15,540,0,1542
threeGems,72,15,555,0,1542
threeGems,73,15,570,0,1542
threeGems,74,15,585,0,1542
threeGems,75,15,600,114,1656
threeGems,76,16,616,0,1656
threeGems,77,16,632,0,1656
threeGems,78,16,648,0,1656
threeGems,79,16,664,0,1656
threeGems,80,16,680,117,1773
threeGems,81,17,697,0,1773
threeGems,82,17,714,0,1773
threeGems,83,17,731,0,1773
threeGems,84,17,748,0,1773
threeGems,85,17,765,120,1893
threeGems,86,18,783,0,1893
threeGems,87,18,801,0,1893
threeGems,88,18,819,0,1893
threeGems,89,18,837,0,1893
threeGems,90,18,855,124,2017
threeGems,91,19,874,0,2017
threeGems,92,19,893,0,2017
threeGems,93,19,912,0,2017
threeGems,94,19,931,0,2017
threeGems,95,19,950,128,2145
threeGems,96,20,970,0,2145
threeGems,97,20,990,0,2145
threeGems,98,20,1010,0,2145
threeGems,99,20,1030,0,2145
threeGems,100,20,1050,133,2278
threeGems,101,21,1071,0,2278
threeGems,102,21,1092,0,2278
threeGems,103,21,1113,0,2278
threeGems,104,21,1134,0,2278
threeGems,105,21,1155,138,2416
threeGems,106,22,1177,0,2416
threeGems,107,22,1199,0,2416
threeGems,108,22,1221,0,2416
threeGems,109,22,1243,0,2416
threeGems,110,22,1265,144,2560
threeGems,111,23,1288,0,2560
threeGems,112,23,1311,0,2560
threeGems,113,23,1334,0,2560
threeGems,114,23,1357,0,2560
threeGems,115,23,1380,150,2710
threeGems,116,24,1404,0,2710
threeGems,117,24,1428,0,2710
threeGems,118,24,1452,0,2710
threeGems,119,24,1476,0,2710
threeGems,120,24,1500,157,2867
threeGems,121,25,1525,0,2867
threeGems,122,25,1550,0,2867
threeGems,123,25,1575,0,2867
threeGems,124,25,1600,0,2867
threeGems,125,25,1625,165,3032
threeGems,126,26,1651,0,3032
threeGems,127,26,1677,0,3032
threeGems,128,26,1703,0,3032
threeGems,129,26,1729,0,3032
threeGems,130,26,1755,173,3205
threeGems,131,27,1782,0,3205
threeGems,132,27,1809,0,3205
threeGems,133,27,1836,0,3205
threeGems,134,27,1863,0,3205
threeGems,135,27,1890,181,3386
threeGems,136,28,1918,0,3386
threeGems,137,28,1946,0,3386
threeGems,138,28,1974,0,3386
threeGems,139,28,2002,0,3386
threeGems,140,28,2030,191,3577
threeGems,141,29,2059,0,3577
threeGems,142,29,2088,0,3577
threeGems,143,29,2117,0,3577
threeGems,144,29,2146,0,3577
threeGems,145,29,2175,201,3778
threeGems,146,30,2205,0,3778
threeGems,147,30,2235,0,3778
threeGems,148,30,2265,0,3778
threeGems,149,30,2295,0,3778
threeGems,150,30,2325,212,3990
threeGems,151,31,2356,0,3990
threeGems,152,31,2387,0,3990
threeGems,153,31,2418,0,3990
threeGems,154,31,2449,0,3990
threeGems,155,31,2480,224,4214
threeGems,156,32,2512,0,4214
threeGems,157,32,2544,0,4214
threeGems,158,32,2576,0,4214
threeGems,159,32,2608,0,4214
threeGems,160,32,2640,236,4450
threeGems,161,33,2673,0,4450
threeGems,162,33,2706,0,4450
threeGems,163,33,2739,0,4450
threeGems,164,33,2772,0,4450
threeGems,165,33,2805,249,4699
threeGems,166,34,2839,0,4699
threeGems,167,34,2873,0,4699
threeGems,168,34,2907,0,4699
threeGems,169,34,2941,0,4699
threeGems,170,34,2975,263,4962
threeGems,171,35,3010,0,4962
threeGems,172,35,3045,0,4962
threeGems,173,35,3080,0,4962
threeGems,174,35,3115,0,4962
threeGems,175,35,3150,278,5240
threeGems,176,36,3186,0,5240
threeGems,177,36,3222,0,5240
threeGems,178,36,3258,0,5240
threeGems,179,36,3294,0,5240
threeGems,180,36,3330,294,5534
threeGems,181,37,3367,0,5534
threeGems,182,37,3404,0,5534
threeGems,183,37,3441,0,5534
threeGems,184,37,3478,0,5534
threeGems,185,37,3515,310,5844
threeGems,186,38,3553,0,5844
threeGems,187,38,3591,0,5844
threeGems,188,38,3629,0,5844
threeGems,189,38,3667,0,5844
threeGems,190,38,3705,328,6172
threeGems,191,39,3744,0,6172
threeGems,192,39,3783,0,6172
threeGems,193,39,3822,0,6172
threeGems,194,39,3861,0,6172
threeGems,195,39,3900,346,6518
threeGems,196,40,3940,0,6518
threeGems,197,40,3980,0,6518
threeGems,198,40,4020,0,6518
threeGems,199,40,4060,0,6518
threeGems,200,40,4100,366,6884
threeGems,201,41,4141,0,6884
threeGems,202,41,4182,0,6884
threeGems,203,41,4223,0,6884
threeGems,204,41,4264,0,6884
threeGems,205,41,4305,386,7270
threeGems,206,42,4347,0,7270
threeGems,207,42,4389,0,7270
threeGems,208,42,4431,0,7270
threeGems,209,42,4473,0,7270
threeGems,210,42,4515,408,7678
threeGems,211,43,4558,0,7678
threeGems,212,43,4601,0,7678
threeGems,213,43,4644,0,7678
threeGems,214,43,4687,0,7678
threeGems,215,43,4730,430,8108
threeGems,216,44,4774,0,8108
threeGems,217,44,4818,0,8108
threeGems,218,44,4862,0,8108
threeGems,219,44,4906,0,8108
threeGems,220,44,4950,454,8562
threeGems,221,45,4995,0,8562
threeGems,222,45,5040,0,8562
threeGems,223,45,5085,0,8562
threeGems,224,45,5130,0,8562
threeGems,225,45,5175,479,9041
threeGems,226,46,5221,0,9041
threeGems,227,46,5267,0,9041
threeGems,228,46,5313,0,9041
threeGems,229,46,5359,0,9041
threeGems,230,46,5405,505,9546
threeGems,231,47,5452,0,9546
threeGems,232,47,5499,0,9546
threeGems,233,47,5546,0,9546
threeGems,234,47,5593,0,9546
threeGems,235,47,5640,532,10078
threeGems,236,48,5688,0,10078
threeGems,237,48,5736,0,10078
threeGems,238,48,5784,0,10078
threeGems,239,48,5832,0,10078
threeGems,240,48,5880,560,10638
threeGems,241,49,5929,0,10638
threeGems,242,49,5978,0,10638
threeGems,243,49,6027,0,10638
threeGems,244,49,6076,0,10638
threeGems,245,49,6125,589,11227
threeGems,246,50,6175,0,11227
threeGems,247,50,6225,0,11227
threeGems,248,50,6275,0,11227
threeGems,249,50,6325,0,11227
threeGems,250,50,6375,620,11847
threeGems,251,51,6426,0,11847
threeGems,252,51,6477,0,11847
threeGems,253,51,6528,0,11847
threeGems,254,51,6579,0,11847
threeGems,255,51,6630,652,12499
threeGems,256,52,6682,0,12499
threeGems,257,52,6734,0,12499
threeGems,258,52,6786,0,12499
threeGems,259,52,6838,0,12499
threeGems,260,52,6890,685,13184
threeGems,261,53,6943,0,13184
threeGems,262,53,6996,0,13184
threeGems,263,53,7049,0,13184
threeGems,264,53,7102,0,13184
threeGems,265,53,7155,719,13903
threeGems,266,54,7209,0,13903
threeGems,267,54,7263,0,13903
threeGems,268,54,7317,0,13903
threeGems,269,54,7371,0,13903
threeGems,270,54,7425,755,14658
threeGems,271,55,7480,0,14658
threeGems,272,55,7535,0,14658
threeGems,273,55,7590,0,14658
threeGems,274,55,7645,0,14658
threeGems,275,55,7700,792,15450
threeGems,276,56,7756,0,15450
threeGems,277,56,7812,0,15450
threeGems,278,56,7868,0,15450
threeGems,279,56,7924,0,15450
threeGems,280,56,7980,831,16281
threeGems,281,57,8037,0,16281
threeGems,282,57,8094,0,16281
threeGems,283,57,8151,0,16281
threeGems,284,57,8208,0,16281
threeGems,285,57,8265,870,17151
threeGems,286,58,8323,0,17151
threeGems,287,58,8381,0,17151
threeGems,288,58,8439,0,17151
threeGems,289,58,8497,0,17151
threeGems,290,58,8555,912,18063
threeGems,291,59,8614,0,18063
threeGems,292,59,8673,0,18063
threeGems,293,59,8732,0,18063
threeGems,294,59,8791,0,18063
threeGems,295,59,8850,955,19018
threeGems,296,60,8910,0,19018
threeGems,297,60,8970,0,19018
threeGems,298,60,9030,0,19018
threeGems,299,60,9090,0,19018
threeGems,300,60,9150,0,19018
legendHorn,0,0,0,100,100
legendHorn,1,2,2,0,100
legendHorn,2,3,5,0,100
legendHorn,3,5,10,0,100
legendHorn,4,7,17,0,100
legendHorn,5,11,28,107,207
legendHorn,6,13,41,0,207
legendHorn,7,17,58,0,207
legendHorn,8,19,77,0,207
legendHorn,9,23,100,0,207
legendHorn,10,29,129,124,331
legendHorn,11,31,160,0,331
legendHorn,12,37,197,0,331
legendHorn,13,41,238,0,331
legendHorn,14,43,281,0,331
legendHorn,15,47,328,160,491
legendHorn,16,53,381,0,491
legendHorn,17,59,440,0,491
legendHorn,18,61,501,0,491
legendHorn,19,67,568,0,491
legendHorn,20,71,639,225,716
legendHorn,21,73,712,0,716
legendHorn,22,79,791,0,716
legendHorn,23,83,874,0,716
legendHorn,24,89,963,0,716
legendHorn,25,97,1060,328,1044
legendHorn,26,101,1161,0,1044
legendHorn,27,103,1264,0,1044
legendHorn,28,107,1371,0,1044
legendHorn,29,109,1480,0,1044
legendHorn,30,113,1593,480,1524
legendHorn,31,127,1720,0,1524
legendHorn,32,131,1851,0,1524
legendHorn,33,137,1988,0,1524
legendHorn,34,139,2127,0,1524
legendHorn,35,149,2276,689,2213
legendHorn,36,151,2427,0,2213
legendHorn,37,157,2584,0,2213
legendHorn,38,163,2747,0,2213
legendHorn,39,167,2914,0,2213
legendHorn,40,173,3087,966,3179
legendHorn,41,179,3266,0,3179
legendHorn,42,181,3447,0,3179
legendHorn,43,191,3638,0,3179
legendHorn,44,193,3831,0,3179
legendHorn,45,197,4028,1320,4499
legendHorn,46,199,4227,0,4499
legendHorn,47,211,4438,0,4499
legendHorn,48,223,4661,0,4499
legendHorn,49,227,4888,0,4499
legendHorn,50,229,5117,0,4499
goldenSealRing,0,0,0,100,100
goldenSealRing,1,1,1,0,100
goldenSealRing,2,2,3,0,100
goldenSealRing,3,3,6,0,100
goldenSealRing,4,5,11,0,100
goldenSealRing,5,6,17,104,204
goldenSealRing,6,8,25,0,204
goldenSealRing,7,9,34,0,204
goldenSealRing,8,11,45,0,204
goldenSealRing,9,12,57,0,204
goldenSealRing,10,14,71,108,312
goldenSealRing,11,15,86,0,312
goldenSealRing,12,17,103,0,312
goldenSealRing,13,18,121,0,312
goldenSealRing,14,20,141,0,312
goldenSealRing,15,22,163,112,424
goldenSealRing,16,23,186,0,424
goldenSealRing,17,25,211,0,424
goldenSealRing,18,27,238,0,424
goldenSealRing,19,28,266,0,424
goldenSealRing,20,30,296,117,541
goldenSealRing,21,32,328,0,541
goldenSealRing,22,33,361,0,541
goldenSealRing,23,35,396,0,541
goldenSealRing,24,37,433,0,541
goldenSealRing,25,39,472,122,663
goldenSealRing,26,40,512,0,663
goldenSealRing,27,42,554,0,663
goldenSealRing,28,44,598,0,663
goldenSealRing,29,46,644,0,663
goldenSealRing,30,47,691,127,790
goldenSealRing,31,49,740,0,790
goldenSealRing,32,51,791,0,790
goldenSealRing,33,53,844,0,790
goldenSealRing,34,54,898,0,790
goldenSealRing,35,56,954,133,923
goldenSealRing,36,58,1012,0,923
goldenSealRing,37,60,1072,0,923
goldenSealRing,38,62,1134,0,923
goldenSealRing,39,63,1197,0,923
goldenSealRing,40,65,1262,139,1062
goldenSealRing,41,67,1329,0,1062
goldenSealRing,42,69,1398,0,1062
goldenSealRing,43,71,1469,0,1062
goldenSealRing,44,73,1542,0,1062
goldenSealRing,45,74,1616,146,1208
goldenSealRing,46,76,1692,0,1208
goldenSealRing,47,78,1770,0,1208
goldenSealRing,48,80,1850,0,1208
goldenSealRing,49,82,1932,0,1208
goldenSealRing,50,84,2016,153,1361
goldenSealRing,51,86,2102,0,1361
goldenSealRing,52,87,2189,0,1361
goldenSealRing,53,89,2278,0,1361
goldenSealRing,54,91,2369,0,1361
goldenSealRing,55,93,2462,161,1522
goldenSealRing,56,95,2557,0,1522
goldenSealRing,57,97,2654,0,1522
goldenSealRing,58,99,2753,0,1522
goldenSealRing,59,100,2853,0,1522
goldenSealRing,60,102,2955,171,1693
goldenSealRing,61,104,3059,0,1693
goldenSealRing,62,106,3165,0,1693
goldenSealRing,63,108,3273,0,1693
goldenSealRing,64,110,3383,0,1693
goldenSealRing,65,112,3495,181,1874
goldenSealRing,66,114,3609,0,1874
goldenSealRing,67,116,3725,0,1874
goldenSealRing,68,118,3843,0,1874
goldenSealRing,69,119,3962,0,1874
goldenSealRing,70,121,4083,192,2066
goldenSealRing,71,123,4206,0,2066
goldenSealRing,72,125,4331,0,2066
goldenSealRing,73,127,4458,0,2066
goldenSealRing,74,129,4587,0,2066
goldenSealRing,75,131,4718,204,2270
goldenSealRing,76,133,4851,0,2270
goldenSealRing,77,135,4986,0,2270
goldenSealRing,78,137,5123,0,2270
goldenSealRing,79,139,5262,0,2270
goldenSealRing,80,141,5403,217,2487
goldenSealRing,81,143,5546,0,2487
goldenSealRing,82,144,5690,0,2487
goldenSealRing,83,146,5836,0,2487
goldenSealRing,84,148,5984,0,2487
goldenSealRing,85,150,6134,231,2718
goldenSealRing,86,152,6286,0,2718
goldenSealRing,87,154,6440,0,2718
goldenSealRing,88,156,6596,0,2718
goldenSealRing,89,158,6754,0,2718
goldenSealRing,90,160,6914,247,2965
goldenSealRing,91,162,7076,0,2965
goldenSealRing,92,164,7240,0,2965
goldenSealRing,93,166,7406,0,2965
goldenSealRing,94,168,7574,0,2965
goldenSealRing,95,170,7744,264,3229
goldenSealRing,96,172,7916,0,3229
goldenSealRing,97,174,8090,0,3229
goldenSealRing,98,176,8266,0,3229
goldenSealRing,99,178,8444,0,3229
goldenSealRing,100,180,8624,283,3512
goldenSealRing,101,182,8806,0,3512
goldenSealRing,102,184,8990,0,3512
goldenSealRing,103,186,9176,0,3512
goldenSealRing,104,188,9364,0,3512
goldenSealRing,105,190,9554,303,3815
goldenSealRing,106,192,9746,0,3815
goldenSealRing,107,194,9940,0,3815
goldenSealRing,108,196,10136,0,3815
goldenSealRing,109,198,10334,0,3815
goldenSealRing,110,199,10533,324,4139
goldenSealRing,111,201,10734,0,4139
goldenSealRing,112,203,10937,0,4139
goldenSealRing,113,205,11142,0,4139
goldenSealRing,114,207,11349,0,4139
goldenSealRing,115,209,11558,348,4487
goldenSealRing,116,211,11769,0,4487
goldenSealRing,117,213,11982,0,4487
goldenSealRing,118,215,12197,0,4487
goldenSealRing,119,217,12414,0,4487
goldenSealRing,120,219,12633,373,4860
goldenSealRing,121,221,12854,0,4860
goldenSealRing,122,223,13077,0,4860
goldenSealRing,123,225,13302,0,4860
goldenSealRing,124,228,13530,0,4860
goldenSealRing,125,230,13760,399,5259
goldenSealRing,126,232,13992,0,5259
goldenSealRing,127,234,14226,0,5259
goldenSealRing,128,236,14462,0,5259
goldenSealRing,129,238,14700,0,5259
goldenSealRing,130,240,14940,428,5687
goldenSealRing,131,242,15182,0,5687
goldenSealRing,132,244,15426,0,5687
goldenSealRing,133,246,15672,0,5687
goldenSealRing,134,248,15920,0,5687
goldenSealRing,135,250,16170,459,6146
goldenSealRing,136,252,16422,0,6146
goldenSealRing,137,254,16676,0,6146
goldenSealRing,138,256,16932,0,6146
goldenSealRing,139,258,17190,0,6146
goldenSealRing,140,260,17450,492,6638
goldenSealRing,141,262,17712,0,6638
goldenSealRing,142,264,17976,0,6638
goldenSealRing,143,266,18242,0,6638
goldenSealRing,144,268,18510,0,6638
goldenSealRing,145,270,18780,527,7165
goldenSealRing,146,272,19052,0,7165
goldenSealRing,147,274,19326,0,7165
goldenSealRing,148,276,19602,0,7165
goldenSealRing,149,278,19880,0,7165
goldenSealRing,150,280,20160,564,7729
goldenSealRing,151,282,20442,0,7729
goldenSealRing,152,284,20726,0,7729
goldenSealRing,153,286,21012,0,7729
goldenSealRing,154,288,21300,0,7729
goldenSealRing,155,290,21590,603,8332
goldenSealRing,156,293,21883,0,8332
goldenSealRing,157,295,22178,0,8332
goldenSealRing,158,297,22475,0,8332
goldenSealRing,159,299,22774,0,8332
goldenSealRing,160,301,23075,645,8977
goldenSealRing,161,303,23378,0,8977
goldenSealRing,162,305,23683,0,8977
goldenSealRing,163,307,23990,0,8977
goldenSealRing,164,309,24299,0,8977
goldenSealRing,165,311,24610,689,9666
goldenSealRing,166,313,24923,0,9666
goldenSealRing,167,315,25238,0,9666
goldenSealRing,168,317,25555,0,9666
goldenSealRing,169,319,25874,0,9666
goldenSealRing,170,321,26195,736,10402
goldenSealRing,171,323,26518,0,10402
goldenSealRing,172,325,26843,0,10402
goldenSealRing,173,328,27171,0,10402
goldenSealRing,174,330,27501,0,10402
goldenSealRing,175,332,27833,785,11187
goldenSealRing,176,334,28167,0,11187
goldenSealRing,177,336,28503,0,11187
goldenSealRing,178,338,28841,0,11187
goldenSealRing,179,340,29181,0,11187
goldenSealRing,180,342,29523,837,12024
goldenSealRing,181,344,29867,0,12024
goldenSealRing,182,346,30213,0,12024
goldenSealRing,183,348,30561,0,12024
goldenSealRing,184,350,30911,0,12024
goldenSealRing,185,352,31263,891,12915
goldenSealRing,186,355,31618,0,12915
goldenSealRing,187,357,31975,0,12915
goldenSealRing,188,359,32334,0,12915
goldenSealRing,189,361,32695,0,12915
goldenSealRing,190,363,33058,949,13864
goldenSealRing,191,365,33423,0,13864
goldenSealRing,192,367,33790,0,13864
goldenSealRing,193,369,34159,0,13864
goldenSealRing,194,371,34530,0,13864
goldenSealRing,195,373,34903,1009,14873
goldenSealRing,196,375,35278,0,14873
goldenSealRing,197,377,35655,0,14873
goldenSealRing,198,380,36035,0,14873
goldenSealRing,199,382,36417,0,14873
goldenSealRing,200,384,36801,1072,15945
goldenSealRing,201,386,37187,0,15945
goldenSealRing,202,388,37575,0,15945
goldenSealRing,203,390,37965,0,15945
goldenSealRing,204,392,38357,0,15945
goldenSealRing,205,394,38751,1138,17083
goldenSealRing,206,396,39147,0,17083
goldenSealRing,207,398,39545,0,17083
goldenSealRing,208,401,39946,0,17083
goldenSealRing,209,403,40349,0,17083
goldenSealRing,210,405,40754,1208,18291
goldenSealRing,211,407,41161,0,18291
goldenSealRing,212,409,41570,0,18291
goldenSealRing,213,411,41981,0,18291
goldenSealRing,214,413,42394,0,18291
goldenSealRing,215,415,42809,1280,19571
goldenSealRing,216,417,43226,0,19571
goldenSealRing,217,419,43645,0,19571
goldenSealRing,218,422,44067,0,19571
goldenSealRing,219,424,44491,0,19571
goldenSealRing,220,426,44917,1356,20927
goldenSealRing,221,428,45345,0,20927
goldenSealRing,222,430,45775,0,20927
goldenSealRing,223,432,46207,0,20927
goldenSealRing,224,434,46641,0,20927
goldenSealRing,225,436,47077,1435,22362
goldenSealRing,226,438,47515,0,22362
goldenSealRing,227,441,47956,0,22362
goldenSealRing,228,443,48399,0,22362
goldenSealRing,229,445,48844,0,22362
goldenSealRing,230,447,49291,1518,23880
goldenSealRing,231,449,49740,0,23880
goldenSealRing,232,451,50191,0,23880
goldenSealRing,233,453,50644,0,23880
goldenSealRing,234,455,51099,0,23880
goldenSealRing,235,458,51557,1604,25484
goldenSealRing,236,460,52017,0,25484
goldenSealRing,237,462,52479,0,25484
goldenSealRing,238,464,52943,0,25484
goldenSealRing,239,466,53409,0,25484
goldenSealRing,240,468,53877,1694,27178
goldenSealRing,241,470,54347,0,27178
goldenSealRing,242,472,54819,0,27178
goldenSealRing,243,475,55294,0,27178
goldenSealRing,244,477,55771,0,27178
goldenSealRing,245,479,56250,1787,28965
goldenSealRing,246,481,56731,0,28965
goldenSealRing,247,483,57214,0,28965
goldenSealRing,248,485,57699,0,28965
goldenSealRing,249,487,58186,0,28965
goldenSealRing,250,489,58675,1884,30849
goldenSealRing,251,492,59167,0,30849
goldenSealRing,252,494,59661,0,30849
goldenSealRing,253,496,60157,0,30849
goldenSealRing,254,498,60655,0,30849
goldenSealRing,255,500,61155,1985,32834
goldenSealRing,256,502,61657,0,32834
goldenSealRing,257,504,62161,0,32834
goldenSealRing,258,507,62668,0,32834
goldenSealRing,259,509,63177,0,32834
goldenSealRing,260,511,63688,2089,34923
goldenSealRing,261,513,64201,0,34923
goldenSealRing,262,515,64716,0,34923
goldenSealRing,263,517,65233,0,34923
goldenSealRing,264,519,65752,0,34923
goldenSealRing,265,522,66274,2198,37121
goldenSealRing,266,524,66798,0,37121
goldenSealRing,267,526,67324,0,37121
goldenSealRing,268,528,67852,0,37121
goldenSealRing,269,530,68382,0,37121
goldenSealRing,270,532,68914,2310,39431
goldenSealRing,271,534,69448,0,39431
goldenSealRing,272,537,69985,0,39431
goldenSealRing,273,539,70524,0,39431
goldenSealRing,274,541,71065,0,39431
goldenSealRing,275,543,71608,2427,41858
goldenSealRing,276,545,72153,0,41858
goldenSealRing,277,547,72700,0,41858
goldenSealRing,278,549,73249,0,41858
goldenSealRing,279,552,73801,0,41858
goldenSealRing,280,554,74355,2548,44406
goldenSealRing,281,556,74911,0,44406
goldenSealRing,282,558,75469,0,44406
goldenSealRing,283,560,76029,0,44406
goldenSealRing,284,562,76591,0,44406
goldenSealRing,285,565,77156,2673,47079
goldenSealRing,286,567,77723,0,47079
goldenSealRing,287,569,78292,0,47079
goldenSealRing,288,571,78863,0,47079
goldenSealRing,289,573,79436,0,47079
goldenSealRing,290,575,80011,2803,49882
goldenSealRing,291,577,80588,0,49882
goldenSealRing,292,580,81168,0,49882
goldenSealRing,293,582,81750,0,49882
goldenSealRing,294,584,82334,0,49882
goldenSealRing,295,586,82920,2936,52818
goldenSealRing,296,588,83508,0,52818
goldenSealRing,297,590,84098,0,52818
goldenSealRing,298,593,84691,0,52818
goldenSealRing,299,595,85286,0,52818
goldenSealRing,300,597,85883,0,52818
flameTalisman,0,0,0,100,100
flameTalisman,1,1,1,0,100
flameTalisman,2,2,3,0,100
flameTalisman,3,4,7,0,100
flameTalisman,4,6,13,0,100
flameTalisman,5,8,21,105,205
flameTalisman,6,10,31,0,205
flameTalisman,7,12,43,0,205
flameTalisman,8,14,57,0,205
flameTalisman,9,16,73,0,205
flameTalisman,10,18,91,111,316
flameTalisman,11,20,111,0,316
flameTalisman,12,22,133,0,316
flameTalisman,13,24,157,0,316
flameTalisman,14,27,184,0,316
flameTalisman,15,29,213,117,433
flameTalisman,16,31,244,0,433
flameTalisman,17,34,278,0,433
flameTalisman,18,36,314,0,433
flameTalisman,19,38,352,0,433
flameTalisman,20,41,393,122,555
flameTalisman,21,43,436,0,555
flameTalisman,22,45,481,0,555
flameTalisman,23,48,529,0,555
flameTalisman,24,50,579,0,555
flameTalisman,25,53,632,129,684
flameTalisman,26,55,687,0,684
flameTalisman,27,58,745,0,684
flameTalisman,28,60,805,0,684
flameTalisman,29,63,868,0,684
flameTalisman,30,65,933,135,819
flameTalisman,31,68,1001,0,819
flameTalisman,32,70,1071,0,819
flameTalisman,33,73,1144,0,819
flameTalisman,34,75,1219,0,819
flameTalisman,35,78,1297,142,961
flameTalisman,36,81,1378,0,961
flameTalisman,37,83,1461,0,961
flameTalisman,38,86,1547,0,961
flameTalisman,39,88,1635,0,961
flameTalisman,40,91,1726,149,1110
flameTalisman,41,94,1820,0,1110
flameTalisman,42,96,1916,0,1110
flameTalisman,43,99,2015,0,1110
flameTalisman,44,102,2117,0,1110
flameTalisman,45,104,2221,157,1267
flameTalisman,46,107,2328,0,1267
flameTalisman,47,110,2438,0,1267
flameTalisman,48,112,2550,0,1267
flameTalisman,49,115,2665,0,1267
flameTalisman,50,118,2783,165,1432
flameTalisman,51,121,2904,0,1432
flameTalisman,52,123,3027,0,1432
flameTalisman,53,126,3153,0,1432
flameTalisman,54,129,3282,0,1432
flameTalisman,55,131,3413,174,1606
flameTalisman,56,134,3547,0,1606
flameTalisman,57,137,3684,0,1606
flameTalisman,58,140,3824,0,1606
flameTalisman,59,142,3966,0,1606
flameTalisman,60,145,4111,183,1789
flameTalisman,61,148,4259,0,1789
flameTalisman,62,151,4410,0,1789
flameTalisman,63,154,4564,0,1789
flameTalisman,64,156,4720,0,1789
flameTalisman,65,159,4879,193,1982
flameTalisman,66,162,5041,0,1982
flameTalisman,67,165,5206,0,1982
flameTalisman,68,168,5374,0,1982
flameTalisman,69,170,5544,0,1982
flameTalisman,70,173,5717,204,2186
flameTalisman,71,176,5893,0,2186
flameTalisman,72,179,6072,0,2186
flameTalisman,73,182,6254,0,2186
flameTalisman,74,185,6439,0,2186
flameTalisman,75,187,6626,215,2401
flameTalisman,76,190,6816,0,2401
flameTalisman,77,193,7009,0,2401
flameTalisman,78,196,7205,0,2401
flameTalisman,79,199,7404,0,2401
flameTalisman,80,202,7606,227,2628
flameTalisman,81,205,7811,0,2628
flameTalisman,82,207,8018,0,2628
flameTalisman,83,210,8228,0,2628
flameTalisman,84,213,8441,0,2628
flameTalisman,85,216,8657,241,2869
flameTalisman,86,219,8876,0,2869
flameTalisman,87,222,9098,0,2869
flameTalisman,88,225,9323,0,2869
flameTalisman,89,228,9551,0,2869
flameTalisman,90,231,9782,255,3124
flameTalisman,91,233,10015,0,3124
flameTalisman,92,236,10251,0,3124
flameTalisman,93,239,10490,0,3124
flameTalisman,94,242,10732,0,3124
flameTalisman,95,245,10977,270,3394
flameTalisman,96,248,11225,0,3394
flameTalisman,97,251,11476,0,3394
flameTalisman,98,254,11730,0,3394
flameTalisman,99,257,11987,0,3394
flameTalisman,100,260,12247,286,3680
flameTalisman,101,263,12510,0,3680
flameTalisman,102,266,12776,0,3680
flameTalisman,103,269,13045,0,3680
flameTalisman,104,272,13317,0,3680
flameTalisman,105,275,13592,304,3984
flameTalisman,106,278,13870,0,3984
flameTalisman,107,281,14151,0,3984
flameTalisman,108,284,14435,0,3984
flameTalisman,109,287,14722,0,3984
flameTalisman,110,289,15011,322,4306
flameTalisman,111,292,15303,0,4306
flameTalisman,112,295,15598,0,4306
flameTalisman,113,298,15896,0,4306
flameTalisman,114,301,16197,0,4306
flameTalisman,115,304,16501,342,4648
flameTalisman,116,307,16808,0,4648
flameTalisman,117,310,17118,0,4648
flameTalisman,118,313,17431,0,4648
flameTalisman,119,316,17747,0,4648
flameTalisman,120,319,18066,363,5011
flameTalisman,121,322,18388,0,5011
flameTalisman,122,325,18713,0,5011
flameTalisman,123,328,19041,0,5011
flameTalisman,124,332,19373,0,5011
flameTalisman,125,335,19708,386,5397
flameTalisman,126,338,20046,0,5397
flameTalisman,127,341,20387,0,5397
flameTalisman,128,344,20731,0,5397
flameTalisman,129,347,21078,0,5397
flameTalisman,130,350,21428,409,5806
flameTalisman,131,353,21781,0,5806
flameTalisman,132,356,22137,0,5806
flameTalisman,133,359,22496,0,5806
flameTalisman,134,362,22858,0,5806
flameTalisman,135,365,23223,435,6241
flameTalisman,136,368,23591,0,6241
flameTalisman,137,371,23962,0,6241
flameTalisman,138,374,24336,0,6241
flameTalisman,139,377,24713,0,6241
flameTalisman,140,380,25093,462,6703
flameTalisman,141,383,25476,0,6703
flameTalisman,142,386,25862,0,6703
flameTalisman,143,389,26251,0,6703
flameTalisman,144,392,26643,0,6703
flameTalisman,145,396,27039,490,7193
flameTalisman,146,399,27438,0,7193
flameTalisman,147,402,27840,0,7193
flameTalisman,148,405,28245,0,7193
flameTalisman,149,408,28653,0,7193
flameTalisman,150,411,29064,520,7713
flameTalisman,151,414,29478,0,7713
flameTalisman,152,417,29895,0,7713
flameTalisman,153,420,30315,0,7713
flameTalisman,154,423,30738,0,7713
flameTalisman,155,426,31164,552,8265
flameTalisman,156,430,31594,0,8265
flameTalisman,157,433,32027,0,8265
flameTalisman,158,436,32463,0,8265
flameTalisman,159,439,32902,0,8265
flameTalisman,160,442,33344,585,8850
flameTalisman,161,445,33789,0,8850
flameTalisman,162,448,34237,0,8850
flameTalisman,163,451,34688,0,8850
flameTalisman,164,454,35142,0,8850
flameTalisman,165,458,35600,620,9470
flameTalisman,166,461,36061,0,9470
flameTalisman,167,464,36525,0,9470
flameTalisman,168,467,36992,0,9470
flameTalisman,169,470,37462,0,9470
flameTalisman,170,473,37935,658,10128
flameTalisman,171,476,38411,0,10128
flameTalisman,172,479,38890,0,10128
flameTalisman,173,483,39373,0,10128
flameTalisman,174,486,39859,0,10128
flameTalisman,175,489,40348,697,10825
flameTalisman,176,492,40840,0,10825
flameTalisman,177,495,41335,0,10825
flameTalisman,178,498,41833,0,10825
flameTalisman,179,501,42334,0,10825
flameTalisman,180,505,42839,737,11562
flameTalisman,181,508,43347,0,11562
flameTalisman,182,511,43858,0,11562
flameTalisman,183,514,44372,0,11562
flameTalisman,184,517,44889,0,11562
flameTalisman,185,520,45409,780,12342
flameTalisman,186,524,45933,0,12342
flameTalisman,187,527,46460,0,12342
flameTalisman,188,530,46990,0,12342
flameTalisman,189,533,47523,0,12342
flameTalisman,190,536,48059,826,13168
flameTalisman,191,539,48598,0,13168
flameTalisman,192,543,49141,0,13168
flameTalisman,193,546,49687,0,13168
flameTalisman,194,549,50236,0,13168
flameTalisman,195,552,50788,873,14041
flameTalisman,196,555,51343,0,14041
flameTalisman,197,558,51901,0,14041
flameTalisman,198,562,52463,0,14041
flameTalisman,199,565,53028,0,14041
flameTalisman,200,568,53596,922,14963
flameTalisman,201,571,54167,0,14963
flameTalisman,202,574,54741,0,14963
flameTalisman,203,578,55319,0,14963
flameTalisman,204,581,55900,0,14963
flameTalisman,205,584,56484,974,15937
flameTalisman,206,587,57071,0,15937
flameTalisman,207,590,57661,0,15937
flameTalisman,208,594,58255,0,15937
flameTalisman,209,597,58852,0,15937
flameTalisman,210,600,59452,1028,16965
flameTalisman,211,603,60055,0,16965
flameTalisman,212,606,60661,0,16965
flameTalisman,213,610,61271,0,16965
flameTalisman,214,613,61884,0,16965
flameTalisman,215,616,62500,1084,18049
flameTalisman,216,619,63119,0,18049
flameTalisman,217,622,63741,0,18049
flameTalisman,218,626,64367,0,18049
flameTalisman,219,629,64996,0,18049
flameTalisman,220,632,65628,1143,19192
flameTalisman,221,635,66263,0,19192
flameTalisman,222,639,66902,0,19192
flameTalisman,223,642,67544,0,19192
flameTalisman,224,645,68189,0,19192
flameTalisman,225,648,68837,1204,20396
flameTalisman,226,651,69488,0,20396
flameTalisman,227,655,70143,0,20396
flameTalisman,228,658,70801,0,20396
flameTalisman,229,661,71462,0,20396
flameTalisman,230,664,72126,1268,21664
flameTalisman,231,668,72794,0,21664
flameTalisman,232,671,73465,0,21664
flameTalisman,233,674,74139,0,21664
flameTalisman,234,677,74816,0,21664
flameTalisman,235,681,75497,1334,22998
flameTalisman,236,684,76181,0,22998
flameTalisman,237,687,76868,0,22998
flameTalisman,238,690,77558,0,22998
flameTalisman,239,694,78252,0,22998
flameTalisman,240,697,78949,1403,24401
flameTalisman,241,700,79649,0,24401
flameTalisman,242,703,80352,0,24401
flameTalisman,243,707,81059,0,24401
flameTalisman,244,710,81769,0,24401
flameTalisman,245,713,82482,1474,25875
flameTalisman,246,716,83198,0,25875
flameTalisman,247,720,83918,0,25875
flameTalisman,248,723,84641,0,25875
flameTalisman,249,726,85367,0,25875
flameTalisman,250,729,86096,1549,27424
flameTalisman,251,733,86829,0,27424
flameTalisman,252,736,87565,0,27424
flameTalisman,253,739,88304,0,27424
flameTalisman,254,743,89047,0,27424
flameTalisman,255,746,89793,1626,29050
flameTalisman,256,749,90542,0,29050
flameTalisman,257,752,91294,0,29050
flameTalisman,258,756,92050,0,29050
flameTalisman,259,759,92809,0,29050
flameTalisman,260,762,93571,1706,30756
flameTalisman,261,765,94336,0,30756
flameTalisman,262,769,95105,0,30756
flameTalisman,263,772,95877,0,30756
flameTalisman,264,775,96652,0,30756
flameTalisman,265,779,97431,1789,32545
flameTalisman,266,782,98213,0,32545
flameTalisman,267,785,98998,0,32545
flameTalisman,268,788,99786,0,32545
flameTalisman,269,792,100578,0,32545
flameTalisman,270,795,101373,1875,34420
flameTalisman,271,798,102171,0,34420
flameTalisman,272,802,102973,0,34420
flameTalisman,273,805,103778,0,34420
flameTalisman,274,808,104586,0,34420
flameTalisman,275,811,105397,1964,36384
flameTalisman,276,815,106212,0,36384
flameTalisman,277,818,107030,0,36384
flameTalisman,278,821,107851,0,36384
flameTalisman,279,825,108676,0,36384
flameTalisman,280,828,109504,2056,38440
flameTalisman,281,831,110335,0,38440
flameTalisman,282,835,111170,0,38440
flameTalisman,283,838,112008,0,38440
flameTalisman,284,841,112849,0,38440
flameTalisman,285,845,113694,2151,40591
flameTalisman,286,848,114542,0,40591
flameTalisman,287,851,115393,0,40591
flameTalisman,288,854,116247,0,40591
flameTalisman,289,858,117105,0,40591
flameTalisman,290,861,117966,2249,42840
flameTalisman,291,864,118830,0,42840
flameTalisman,292,868,119698,0,42840
flameTalisman,293,871,120569,0,42840
flameTalisman,294,874,121443,0,42840
flameTalisman,295,878,122321,2351,45191
flameTalisman,296,881,123202,0,45191
flameTalisman,297,884,124086,0,45191
flameTalisman,298,888,124974,0,45191
flameTalisman,299,891,125865,0,45191
flameTalisman,300,894,126759,0,45191
anubisMask,0,0,0,100,100
anubisMask,1,1,1,0,100
anubisMask,2,2,3,0,100
anubisMask,3,4,7,0,100
anubisMask,4,6,13,0,100
anubisMask,5,8,21,105,205
anubisMask,6,10,31,0,205
anubisMask,7,12,43,0,205
anubisMask,8,14,57,0,205
anubisMask,9,16,73,0,205
anubisMask,10,18,91,111,316
anubisMask,11,20,111,0,316
anubisMask,12,22,133,0,316
anubisMask,13,24,157,0,316
anubisMask,14,27,184,0,316
anubisMask,15,29,213,117,433
anubisMask,16,31,244,0,433
anubisMask,17,34,278,0,433
anubisMask,18,36,314,0,433
anubisMask,19,38,352,0,433
anubisMask,20,41,393,122,555
anubisMask,21,43,436,0,555
anubisMask,22,45,481,0,555
anubisMask,23,48,529,0,555
anubisMask,24,50,579,0,555
anubisMask,25,53,632,129,684
anubisMask,26,55,687,0,684
anubisMask,27,58,745,0,684
anubisMask,28,60,805,0,684
anubisMask,29,63,868,0,684
anubisMask,30,65,933,135,819
anubisMask,31,68,1001,0,819
anubisMask,32,70,1071,0,819
anubisMask,33,73,1144,0,819
anubisMask,34,75,1219,0,819
anubisMask,35,78,1297,142,961
anubisMask,36,81,1378,0,961
anubisMask,37,83,1461,0,961
anubisMask,38,86,1547,0,961
anubisMask,39,88,1635,0,961
anubisMask,40,91,1726,149,1110
anubisMask,41,94,1820,0,1110
anubisMask,42,96,1916,0,1110
anubisMask,43,99,2015,0,1110
anubisMask,44,102,2117,0,1110
anubisMask,45,104,2221,157,1267
anubisMask,46,107,2328,0,1267
anubisMask,47,110,2438,0,1267
anubisMask,48,112,2550,0,1267
anubisMask,49,115,2665,0,1267
anubisMask,50,118,2783,165,1432
anubisMask,51,121,2904,0,1432
anubisMask,52,123,3027,0,1432
anubisMask,53,126,3153,0,1432
anubisMask,54,129,3282,0,1432
anubisMask,55,131,3413,174,1606
anubisMask,56,134,3547,0,1606
anubisMask,57,137,3684,0,1606
anubisMask,58,140,3824,0,1606
anubisMask,59,142,3966,0,1606
anubisMask,60,145,4111,183,1789
anubisMask,61,148,4259,0,1789
anubisMask,62,151,4410,0,1789
anubisMask,63,154,4564,0,1789
anubisMask,64,156,4720,0,1789
anubisMask,65,159,4879,193,1982
anubisMask,66,162,5041,0,1982
anubisMask,67,165,5206,0,1982
anubisMask,68,168,5374,0,1982
anubisMask,69,170,5544,0,1982
anubisMask,70,173,5717,204,2186
anubisMask,71,176,5893,0,2186
anubisMask,72,179,6072,0,2186
anubisMask,73,182,6254,0,2186
anubisMask,74,185,6439,0,2186
anubisMask,75,187,6626,215,2401
anubisMask,76,190,6816,0,2401
anubisMask,77,193,7009,0,2401
anubisMask,78,196,7205,0,2401
anubisMask,79,199,7404,0,2401
anubisMask,80,202,7606,227,2628
anubisMask,81,205,7811,0,2628
anubisMask,82,207,8018,0,2628
anubisMask,83,210,8228,0,2628
anubisMask,84,213,8441,0,2628
anubisMask,85,216,8657,241,2869
anubisMask,86,219,8876,0,2869
anubisMask,87,222,9098,0,2869
anubisMask,88,225,9323,0,2869
anubisMask,89,228,9551,0,2869
anubisMask,90,231,9782,255,3124
anubisMask,91,233,10015,0,3124
anubisMask,92,236,10251,0,3124
anubisMask,93,239,10490,0,3124
anubisMask,94,242,10732,0,3124
anubisMask,95,245,10977,270,3394
anubisMask,96,248,11225,0,3394
anubisMask,97,251,11476,0,3394
anubisMask,98,254,11730,0,3394
anubisMask,99,257,11987,0,3394
anubisMask,100,260,12247,286,3680
anubisMask,101,263,12510,0,3680
anubisMask,102,266,12776,0,3680
anubisMask,103,269,13045,0,3680
anubisMask,104,272,13317,0,3680
anubisMask,105,275,13592,304,3984
anubisMask,106,278,13870,0,3984
anubisMask,107,281,14151,0,3984
anubisMask,108,284,14435,0,3984
anubisMask,109,287,14722,0,3984
anubisMask,110,289,15011,322,4306
anubisMask,111,292,15303,0,4306
anubisMask,112,295,15598,0,4306
anubisMask,113,298,15896,0,4306
anubisMask,114,301,16197,0,4306
anubisMask,115,304,16501,342,4648
anubisMask,116,307,16808,0,4648
anubisMask,117,310,17118,0,4648
anubisMask,118,313,17431,0,4648
anubisMask,119,316,17747,0,4648
anubisMask,120,319,18066,363,5011
anubisMask,121,322,18388,0,5011
anubisMask,122,325,18713,0,5011
anubisMask,123,328,19041,0,5011
anubisMask,124,332,19373,0,5011
anubisMask,125,335,19708,386,5397
anubisMask,126,338,20046,0,5397
anubisMask,127,341,20387,0,5397
anubisMask,128,344,20731,0,5397
anubisMask,129,347,21078,0,5397
anubisMask,130,350,21428,409,5806
anubisMask,131,353,21781,0,5806
anubisMask,132,356,22137,0,5806
anubisMask,133,359,22496,0,5806
anubisMask,134,362,22858,0,5806
anubisMask,135,365,23223,435,6241
anubisMask,136,368,23591,0,6241
anubisMask,137,371,23962,0,6241
anubisMask,138,374,24336,0,6241
anubisMask,139,377,24713,0,6241
anubisMask,140,380,25093,462,6703
anubisMask,141,383,25476,0,6703
anubisMask,142,386,25862,0,6703
anubisMask,143,389,26251,0,6703
anubisMask,144,392,26643,0,6703
anubisMask,145,396,27039,490,7193
anubisMask,146,399,27438,0,7193
anubisMask,147,402,27840,0,7193
anubisMask,148,405,28245,0,7193
anubisMask,149,408,28653,0,7193
anubisMask,150,411,29064,520,7713
anubisMask,151,414,29478,0,7713
anubisMask,152,417,29895,0,7713
anubisMask,153,420,30315,0,7713
anubisMask,154,423,30738,0,7713
anubisMask,155,426,31164,552,8265
anubisMask,156,430,31594,0,8265
anubisMask,157,433,32027,0,8265
anubisMask,158,436,32463,0,8265
anubisMask,159,439,32902,0,8265
anubisMask,160,442,33344,585,8850
anubisMask,161,445,33789,0,8850
anubisMask,162,448,34237,0,8850
anubisMask,163,451,34688,0,8850
anubisMask,164,454,35142,0,8850
anubisMask,165,458,35600,620,9470
anubisMask,166,461,36061,0,9470
anubisMask,167,464,36525,0,9470
anubisMask,168,467,36992,0,9470
anubisMask,169,470,37462,0,9470
anubisMask,170,473,37935,658,10128
anubisMask,171,476,38411,0,10128
anubisMask,172,479,38890,0,10128
anubisMask,173,483,39373,0,10128
anubisMask,174,486,39859,0,10128
anubisMask,175,489,40348,697,10825
anubisMask,176,492,40840,0,10825
anubisMask,177,495,41335,0,10825
anubisMask,178,498,41833,0,10825
anubisMask,179,501,42334,0,10825
anubisMask,180,505,42839,737,11562
anubisMask,181,508,43347,0,11562
anubisMask,182,511,43858,0,11562
anubisMask,183,514,44372,0,11562
anubisMask,184,517,44889,0,11562
anubisMask,185,520,45409,780,12342
anubisMask,186,524,45933,0,12342
anubisMask,187,527,46460,0,12342
anubisMask,188,530,46990,0,12342
anubisMask,189,533,47523,0,12342
anubisMask,190,536,48059,826,13168
anubisMask,191,539,48598,0,13168
anubisMask,192,543,49141,0,13168
anubisMask,193,546,49687,0,13168
anubisMask,194,549,50236,0,13168
anubisMask,195,552,50788,873,14041
anubisMask,196,555,51343,0,14041
anubisMask,197,558,51901,0,14041
anubisMask,198,562,52463,0,14041
anubisMask,199,565,53028,0,14041
anubisMask,200,568,53596,922,14963
anubisMask,201,571,54167,0,14963
anubisMask,202,574,54741,0,14963
anubisMask,203,578,55319,0,14963
anubisMask,204,581,55900,0,14963
anubisMask,205,584,56484,974,15937
anubisMask,206,587,57071,0,15937
anubisMask,207,590,57661,0,15937
anubisMask,208,594,58255,0,15937
anubisMask,209,597,58852,0,15937
anubisMask,210,600,59452,1028,16965
anubisMask,211,603,60055,0,16965
anubisMask,212,606,60661,0,16965
anubisMask,213,610,61271,0,16965
anubisMask,214,613,61884,0,16965
anubisMask,215,616,62500,1084,18049
anubisMask,216,619,63119,0,18049
anubisMask,217,622,63741,0,18049
anubisMask,218,626,64367,0,18049
anubisMask,219,629,64996,0,18049
anubisMask,220,632,65628,1143,19192
anubisMask,221,635,66263,0,19192
anubisMask,222,639,66902,0,19192
anubisMask,223,642,67544,0,19192
anubisMask,224,645,68189,0,19192
anubisMask,225,648,68837,1204,20396
anubisMask,226,651,69488,0,20396
anubisMask,227,655,70143,0,20396
anubisMask,228,658,70801,0,20396
anubisMask,229,661,71462,0,20396
anubisMask,230,664,72126,1268,21664
anubisMask,231,668,72794,0,21664
anubisMask,232,671,73465,0,21664
anubisMask,233,674,74139,0,21664
anubisMask,234,677,74816,0,21664
anubisMask,235,681,75497,1334,22998
anubisMask,236,684,76181,0,22998
anubisMask,237,687,76868,0,22998
anubisMask,238,690,77558,0,22998
anubisMask,239,694,78252,0,22998
anubisMask,240,697,78949,1403,24401
anubisMask,241,700,79649,0,24401
anubisMask,242,703,80352,0,24401
anubisMask,243,707,81059,0,24401
anubisMask,244,710,81769,0,24401
anubisMask,245,713,82482,1474,25875
anubisMask,246,716,83198,0,25875
anubisMask,247,720,83918,0,25875
anubisMask,248,723,84641,0,25875
anubisMask,249,726,85367,0,25875
anubisMask,250,729,86096,1549,27424
anubisMask,251,733,86829,0,27424
anubisMask,252,736,87565,0,27424
anubisMask,253,739,88304,0,27424
anubisMask,254,743,89047,0,27424
anubisMask,255,746,89793,1626,29050
anubisMask,256,749,90542,0,29050
anubisMask,257,752,91294,0,29050
anubisMask,258,756,92050,0,29050
anubisMask,259,759,92809,0,29050
anubisMask,260,762,93571,1706,30756
anubisMask,261,765,94336,0,30756
anubisMask,262,769,95105,0,30756
anubisMask,263,772,95877,0,30756
anubisMask,264,775,96652,0,30756
anubisMask,265,779,97431,1789,32545
anubisMask,266,782,98213,0,32545
anubisMask,267,785,98998,0,32545
anubisMask,268,788,99786,0,32545
anubisMask,269,792,100578,0,32545
anubisMask,270,795,101373,1875,34420
anubisMask,271,798,102171,0,34420
anubisMask,272,802,102973,0,34420
anubisMask,273,805,103778,0,34420
anubisMask,274,808,104586,0,34420
anubisMask,275,811,105397,1964,36384
anubisMask,276,815,106212,0,36384
anubisMask,277,818,107030,0,36384
anubisMask,278,821,107851,0,36384
anubisMask,279,825,108676,0,36384
anubisMask,280,828,109504,2056,38440
anubisMask,281,831,110335,0,38440
anubisMask,282,835,111170,0,38440
anubisMask,283,838,112008,0,38440
anubisMask,284,841,112849,0,38440
anubisMask,285,845,113694,2151,40591
anubisMask,286,848,114542,0,40591
anubisMask,287,851,115393,0,40591
anubisMask,288,854,116247,0,40591
anubisMask,289,858,117105,0,40591
anubisMask,290,861,117966,2249,42840
anubisMask,291,864,118830,0,42840
anubisMask,292,868,119698,0,42840
anubisMask,293,871,120569,0,42840
anubisMask,294,874,121443,0,42840
anubisMask,295,878,122321,2351,45191
anubisMask,296,881,123202,0,45191
anubisMask,297,884,124086,0,45191
anubisMask,298,888,124974,0,45191
anubisMask,299,891,125865,0,45191
anubisMask,300,894,126759,0,45191
memoryRocket,0,0,0,100,100
memoryRocket,1,1,1,0,100
memoryRocket,2,2,3,0,100
memoryRocket,3,4,7,0,100
memoryRocket,4,6,13,0,100
memoryRocket,5,8,21,105,205
memoryRocket,6,10,31,0,205
memoryRocket,7,12,43,0,205
memoryRocket,8,14,57,0,205
memoryRocket,9,16,73,0,205
memoryRocket,10,18,91,111,316
memoryRocket,11,20,111,0,316
memoryRocket,12,22,133,0,316
memoryRocket,13,24,157,0,316
memoryRocket,14,27,184,0,316
memoryRocket,15,29,213,117,433
memoryRocket,16,31,244,0,433
memoryRocket,17,34,278,0,433
memoryRocket,18,36,314,0,433
memoryRocket,19,38,352,0,433
memoryRocket,20,41,393,122,555
memoryRocket,21,43,436,0,555
memoryRocket,22,45,481,0,555
memoryRocket,23,48,529,0,555
memoryRocket,24,50,579,0,555
memoryRocket,25,53,632,129,684
memoryRocket,26,55,687,0,684
memoryRocket,27,58,745,0,684
memoryRocket,28,60,805,0,684
memoryRocket,29,63,868,0,684
memoryRocket,30,65,933,135,819
memoryRocket,31,68,1001,0,819
memoryRocket,32,70,1071,0,819
memoryRocket,33,73,1144,0,819
memoryRocket,34,75,1219,0,819
memoryRocket,35,78,1297,142,961
memoryRocket,36,81,1378,0,961
memoryRocket,37,83,1461,0,961
memoryRocket,38,86,1547,0,961
memoryRocket,39,88,1635,0,961
memoryRocket,40,91,1726,149,1110
memoryRocket,41,94,1820,0,1110
memoryRocket,42,96,1916,0,1110
memoryRocket,43,99,2015,0,1110
memoryRocket,44,102,2117,0,1110
memoryRocket,45,104,2221,157,1267
memoryRocket,46,107,2328,0,1267
memoryRocket,47,110,2438,0,1267
memoryRocket,48,112,2550,0,1267
memoryRocket,49,115,2665,0,1267
memoryRocket,50,118,2783,165,1432
memoryRocket,51,121,2904,0,1432
memoryRocket,52,123,3027,0,1432
memoryRocket,53,126,3153,0,1432
memoryRocket,54,129,3282,0,1432
memoryRocket,55,131,3413,174,1606
memoryRocket,56,134,3547,0,1606
memoryRocket,57,137,3684,0,1606
memoryRocket,58,140,3824,0,1606
memoryRocket,59,142,3966,0,1606
memoryRocket,60,145,4111,183,1789
memoryRocket,61,148,4259,0,1789
memoryRocket,62,151,4410,0,1789
memoryRocket,63,154,4564,0,1789
memoryRocket,64,156,4720,0,1789
memoryRocket,65,159,4879,193,1982
memoryRocket,66,162,5041,0,1982
memoryRocket,67,165,5206,0,1982
memoryRocket,68,168,5374,0,1982
memoryRocket,69,170,5544,0,1982
memoryRocket,70,173,5717,204,2186
memoryRocket,71,176,5893,0,2186
memoryRocket,72,179,6072,0,2186
memoryRocket,73,182,6254,0,2186
memoryRocket,74,185,6439,0,2186
memoryRocket,75,187,6626,215,2401
memoryRocket,76,190,6816,0,2401
memoryRocket,77,193,7009,0,2401
memoryRocket,78,196,7205,0,2401
memoryRocket,79,199,7404,0,2401
memoryRocket,80,202,7606,227,2628
memoryRocket,81,205,7811,0,2628
memoryRocket,82,207,8018,0,2628
memoryRocket,83,210,8228,0,2628
memoryRocket,84,213,8441,0,2628
memoryRocket,85,216,8657,241,2869
memoryRocket,86,219,8876,0,2869
memoryRocket,87,222,9098,0,2869
memoryRocket,88,225,9323,0,2869
memoryRocket,89,228,9551,0,2869
memoryRocket,90,231,9782,255,3124
memoryRocket,91,233,10015,0,3124
memoryRocket,92,236,10251,0,3124
memoryRocket,93,239,10490,0,3124
memoryRocket,94,242,10732,0,3124
memoryRocket,95,245,10977,270,3394
memoryRocket,96,248,11225,0,3394
memoryRocket,97,251,11476,0,3394
memoryRocket,98,254,11730,0,3394
memoryRocket,99,257,11987,0,3394
memoryRocket,100,260,12247,286,3680
memoryRocket,101,263,12510,0,3680
memoryRocket,102,266,12776,0,3680
memoryRocket,103,269,13045,0,3680
memoryRocket,104,272,13317,0,3680
memoryRocket,105,275,13592,304,3984
memoryRocket,106,278,13870,0,3984
memoryRocket,107,281,14151,0,3984
memoryRocket,108,284,14435,0,3984
memoryRocket,109,287,14722,0,3984
memoryRocket,110,289,15011,322,4306
memoryRocket,111,292,15303,0,4306
memoryRocket,112,295,15598,0,4306
memoryRocket,113,298,15896,0,4306
memoryRocket,114,301,16197,0,4306
memoryRocket,115,304,16501,342,4648
memoryRocket,116,307,16808,0,4648
memoryRocket,117,310,17118,0,4648
memoryRocket,118,313,17431,0,4648
memoryRocket,119,316,17747,0,4648
memoryRocket,120,319,18066,363,5011
memoryRocket,121,322,18388,0,5011
memoryRocket,122,325,18713,0,5011
memoryRocket,123,328,19041,0,5011
memoryRocket,124,332,19373,0,5011
memoryRocket,125,335,19708,386,5397
memoryRocket,126,338,20046,0,5397
memoryRocket,127,341,20387,0,5397
memoryRocket,128,344,20731,0,5397
memoryRocket,129,347,21078,0,5397
memoryRocket,130,350,21428,409,5806
memoryRocket,131,353,21781,0,5806
memoryRocket,132,356,22137,0,5806
memoryRocket,133,359,22496,0,5806
memoryRocket,134,362,22858,0,5806
memoryRocket,135,365,23223,435,6241
memoryRocket,136,368,23591,0,6241
memoryRocket,137,371,23962,0,6241
memoryRocket,138,374,24336,0,6241
memoryRocket,139,377,24713,0,6241
memoryRocket,140,380,25093,462,6703
memoryRocket,141,383,25476,0,6703
memoryRocket,142,386,25862,0,6703
memoryRocket,143,389,26251,0,6703
memoryRocket,144,392,26643,0,6703
memoryRocket,145,396,27039,490,7193
memoryRocket,146,399,27438,0,7193
memoryRocket,147,402,27840,0,7193
memoryRocket,148,405,28245,0,7193
memoryRocket,149,408,28653,0,7193
memoryRocket,150,411,29064,520,7713
memoryRocket,151,414,29478,0,7713
memoryRocket,152,417,29895,0,7713
memoryRocket,153,420,30315,0,7713
memoryRocket,154,423,30738,0,7713
memoryRocket,155,426,31164,552,8265
memoryRocket,156,430,31594,0,8265
memoryRocket,157,433,32027,0,8265
memoryRocket,158,436,32463,0,8265
memoryRocket,159,439,32902,0,8265
memoryRocket,160,442,33344,585,8850
memoryRocket,161,445,33789,0,8850
memoryRocket,162,448,34237,0,8850
memoryRocket,163,451,34688,0,8850
memoryRocket,164,454,35142,0,8850
memoryRocket,165,458,35600,620,9470
memoryRocket,166,461,36061,0,9470
memoryRocket,167,464,36525,0,9470
memoryRocket,168,467,36992,0,9470
memoryRocket,169,470,37462,0,9470
memoryRocket,170,473,37935,658,10128
memoryRocket,171,476,38411,0,10128
memoryRocket,172,479,38890,0,10128
memoryRocket,173,483,39373,0,10128
memoryRocket,174,486,39859,0,10128
memoryRocket,175,489,40348,697,10825
memoryRocket,176,492,40840,0,10825
memoryRocket,177,495,41335,0,10825
memoryRocket,178,498,41833,0,10825
memoryRocket,179,501,42334,0,10825
memoryRocket,180,505,42839,737,11562
memoryRocket,181,508,43347,0,11562
memoryRocket,182,511,43858,0,11562
memoryRocket,183,514,44372,0,11562
memoryRocket,184,517,44889,0,11562
memoryRocket,185,520,45409,780,12342
memoryRocket,186,524,45933,0,12342
memoryRocket,187,527,46460,0,12342
memoryRocket,188,530,46990,0,12342
memoryRocket,189,533,47523,0,12342
memoryRocket,190,536,48059,826,13168
memoryRocket,191,539,48598,0,13168
memoryRocket,192,543,49141,0,13168
memoryRocket,193,546,49687,0,13168
memoryRocket,194,549,50236,0,13168
memoryRocket,195,552,50788,873,14041
memoryRocket,196,555,51343,0,14041
memoryRocket,197,558,51901,0,14041
memoryRocket,198,562,52463,0,14041
memoryRocket,199,565,53028,0,14041
memoryRocket,200,568,53596,922,14963
memoryRocket,201,571,54167,0,14963
memoryRocket,202,574,54741,0,14963
memoryRocket,203,578,55319,0,14963
memoryRocket,204,581,55900,0,14963
memoryRocket,205,584,56484,974,15937
memoryRocket,206,587,57071,0,15937
memoryRocket,207,590,57661,0,15937
memoryRocket,208,594,58255,0,15937
memoryRocket,209,597,58852,0,15937
memoryRocket,210,600,59452,1028,16965
memoryRocket,211,603,60055,0,16965
memoryRocket,212,606,60661,0,16965
memoryRocket,213,610,61271,0,16965
memoryRocket,214,613,61884,0,16965
memoryRocket,215,616,62500,1084,18049
memoryRocket,216,619,63119,0,18049
memoryRocket,217,622,63741,0,18049
memoryRocket,218,626,64367,0,18049
memoryRocket,219,629,64996,0,18049
memoryRocket,220,632,65628,1143,19192
memoryRocket,221,635,66263,0,19192
memoryRocket,222,639,66902,0,19192
memoryRocket,223,642,67544,0,19192
memoryRocket,224,645,68189,0,19192
memoryRocket,225,648,68837,1204,20396
memoryRocket,226,651,69488,0,20396
memoryRocket,227,655,70143,0,20396
memoryRocket,228,658,70801,0,20396
memoryRocket,229,661,71462,0,20396
memoryRocket,230,664,72126,1268,21664
memoryRocket,231,668,72794,0,21664
memoryRocket,232,671,73465,0,21664
memoryRocket,233,674,74139,0,21664
memoryRocket,234,677,74816,0,21664
memoryRocket,235,681,75497,1334,22998
memoryRocket,236,684,76181,0,22998
memoryRocket,237,687,76868,0,22998
memoryRocket,238,690,77558,0,22998
memoryRocket,239,694,78252,0,22998
memoryRocket,240,697,78949,1403,24401
memoryRocket,241,700,79649,0,24401
memoryRocket,242,703,80352,0,24401
memoryRocket,243,707,81059,0,24401
memoryRocket,244,710,81769,0,24401
memoryRocket,245,713,82482,1474,25875
memoryRocket,246,716,83198,0,25875
memoryRocket,247,720,83918,0,25875
memoryRocket,248,723,84641,0,25875
memoryRocket,249,726,85367,0,25875
memoryRocket,250,729,86096,1549,27424
memoryRocket,251,733,86829,0,27424
memoryRocket,252,736,87565,0,27424
memoryRocket,253,739,88304,0,27424
memoryRocket,254,743,89047,0,27424
memoryRocket,255,746,89793,1626,29050
memoryRocket,256,749,90542,0,29050
memoryRocket,257,752,91294,0,29050
memoryRocket,258,756,92050,0,29050
memoryRocket,259,759,92809,0,29050
memoryRocket,260,762,93571,1706,30756
memoryRocket,261,765,94336,0,30756
memoryRocket,262,769,95105,0,30756
memoryRocket,263,772,95877,0,30756
memoryRocket,264,775,96652,0,30756
memoryRocket,265,779,97431,1789,32545
memoryRocket,266,782,98213,0,32545
memoryRocket,267,785,98998,0,32545
memoryRocket,268,788,99786,0,32545
memoryRocket,269,792,100578,0,32545
memoryRocket,270,795,101373,1875,34420
memoryRocket,271,798,102171,0,34420
memoryRocket,272,802,102973,0,34420
memoryRocket,273,805,103778,0,34420
memoryRocket,274,808,104586,0,34420
memoryRocket,275,811,105397,1964,36384
memoryRocket,276,815,106212,0,36384
memoryRocket,277,818,107030,0,36384
memoryRocket,278,821,107851,0,36384
memoryRocket,279,825,108676,0,36384
memoryRocket,280,828,109504,2056,38440
memoryRocket,281,831,110335,0,38440
memoryRocket,282,835,111170,0,38440
memoryRocket,283,838,112008,0,38440
memoryRocket,284,841,112849,0,38440
memoryRocket,285,845,113694,2151,40591
memoryRocket,286,848,114542,0,40591
memoryRocket,287,851,115393,0,40591
memoryRocket,288,854,116247,0,40591
memoryRocket,289,858,117105,0,40591
memoryRocket,290,861,117966,2249,42840
memoryRocket,291,864,118830,0,42840
memoryRocket,292,868,119698,0,42840
memoryRocket,293,871,120569,0,42840
memoryRocket,294,874,121443,0,42840
memoryRocket,295,878,122321,2351,45191
memoryRocket,296,881,123202,0,45191
memoryRocket,297,884,124086,0,45191
memoryRocket,298,888,124974,0,45191
memoryRocket,299,891,125865,0,45191
memoryRocket,300,894,126759,0,45191
fairyNecklace,0,0,0,100,100
fairyNecklace,1,1,1,0,100
fairyNecklace,2,2,3,0,100
fairyNecklace,3,4,7,0,100
fairyNecklace,4,6,13,0,100
fairyNecklace,5,8,21,105,205
fairyNecklace,6,10,31,0,205
fairyNecklace,7,12,43,0,205
fairyNecklace,8,14,57,0,205
fairyNecklace,9,16,73,0,205
fairyNecklace,10,18,91,111,316
fairyNecklace,11,20,111,0,316
fairyNecklace,12,22,133,0,316
fairyNecklace,13,24,157,0,316
fairyNecklace,14,27,184,0,316
fairyNecklace,15,29,213,117,433
fairyNecklace,16,31,244,0,433
fairyNecklace,17,34,278,0,433
fairyNecklace,18,36,314,0,433
fairyNecklace,19,38,352,0,433
fairyNecklace,20,41,393,122,555
fairyNecklace,21,43,436,0,555
fairyNecklace,22,45,481,0,555
fairyNecklace,23,48,529,0,555
fairyNecklace,24,50,579,0,555
fairyNecklace,25,53,632,129,684
fairyNecklace,26,55,687,0,684
fairyNecklace,27,58,745,0,684
fairyNecklace,28,60,805,0,684
fairyNecklace,29,63,868,0,684
fairyNecklace,30,65,933,135,819
fairyNecklace,31,68,1001,0,819
fairyNecklace,32,70,1071,0,819
fairyNecklace,33,73,1144,0,819
fairyNecklace,34,75,1219,0,819
fairyNecklace,35,78,1297,142,961
fairyNecklace,36,81,1378,0,961
fairyNecklace,37,83,1461,0,961
fairyNecklace,38,86,1547,0,961
fairyNecklace,39,88,1635,0,961
fairyNecklace,40,91,1726,149,1110
fairyNecklace,41,94,1820,0,1110
fairyNecklace,42,96,1916,0,1110
fairyNecklace,43,99,2015,0,1110
fairyNecklace,44,102,2117,0,1110
fairyNecklace,45,104,2221,157,1267
fairyNecklace,46,107,2328,0,1267
fairyNecklace,47,110,2438,0,1267
fairyNecklace,48,112,2550,0,1267
fairyNecklace,49,115,2665,0,1267
fairyNecklace,50,118,2783,165,1432
fairyNecklace,51,121,2904,0,1432
fairyNecklace,52,123,3027,0,1432
fairyNecklace,53,126,3153,0,1432
fairyNecklace,54,129,3282,0,1432
fairyNecklace,55,131,3413,174,1606
fairyNecklace,56,134,3547,0,1606
fairyNecklace,57,137,3684,0,1606
fairyNecklace,58,140,3824,0,1606
fairyNecklace,59,142,3966,0,1606
fairyNecklace,60,145,4111,183,1789
fairyNecklace,61,148,4259,0,1789
fairyNecklace,62,151,4410,0,1789
fairyNecklace,63,154,4564,0,1789
fairyNecklace,64,156,4720,0,1789
fairyNecklace,65,159,4879,193,1982
fairyNecklace,66,162,5041,0,1982
fairyNecklace,67,165,5206,0,1982
fairyNecklace,68,168,5374,0,1982
fairyNecklace,69,170,5544,0,1982
fairyNecklace,70,173,5717,204,2186
fairyNecklace,71,176,5893,0,2186
fairyNecklace,72,179,6072,0,2186
fairyNecklace,73,182,6254,0,2186
fairyNecklace,74,185,6439,0,2186
fairyNecklace,75,187,6626,215,2401
fairyNecklace,76,190,6816,0,2401
fairyNecklace,77,193,7009,0,2401
fairyNecklace,78,196,7205,0,2401
fairyNecklace,79,199,7404,0,2401
fairyNecklace,80,202,7606,227,2628
fairyNecklace,81,205,7811,0,2628
fairyNecklace,82,207,8018,0,2628
fairyNecklace,83,210,8228,0,2628
fairyNecklace,84,213,8441,0,2628
fairyNecklace,85,216,8657,241,2869
fairyNecklace,86,219,8876,0,2869
fairyNecklace,87,222,9098,0,2869
fairyNecklace,88,225,9323,0,2869
fairyNecklace,89,228,9551,0,2869
fairyNecklace,90,231,9782,255,3124
fairyNecklace,91,233,10015,0,3124
fairyNecklace,92,236,10251,0,3124
fairyNecklace,93,239,10490,0,3124
fairyNecklace,94,242,10732,0,3124
fairyNecklace,95,245,10977,270,3394
fairyNecklace,96,248,11225,0,3394
fairyNecklace,97,251,11476,0,3394
fairyNecklace,98,254,11730,0,3394
fairyNecklace,99,257,11987,0,3394
fairyNecklace,100,260,12247,286,3680
fairyNecklace,101,263,12510,0,3680
fairyNecklace,102,266,12776,0,3680
fairyNecklace,103,269,13045,0,3680
fairyNecklace,104,272,13317,0,3680
fairyNecklace,105,275,13592,304,3984
fairyNecklace,106,278,13870,0,3984
fairyNecklace,107,281,14151,0,3984
fairyNecklace,108,284,14435,0,3984
fairyNecklace,109,287,14722,0,3984
fairyNecklace,110,289,15011,322,4306
fairyNecklace,111,292,15303,0,4306
fairyNecklace,112,295,15598,0,4306
fairyNecklace,113,298,15896,0,4306
fairyNecklace,114,301,16197,0,4306
fairyNecklace,115,304,16501,342,4648
fairyNecklace,116,307,16808,0,4648
fairyNecklace,117,310,17118,0,4648
fairyNecklace,118,313,17431,0,4648
fairyNecklace,119,316,17747,0,4648
fairyNecklace,120,319,18066,363,5011
fairyNecklace,121,322,18388,0,5011
fairyNecklace,122,325,18713,0,5011
fairyNecklace,123,328,19041,0,5011
fairyNecklace,124,332,19373,0,5011
fairyNecklace,125,335,19708,386,5397
fairyNecklace,126,338,20046,0,5397
fairyNecklace,127,341,20387,0,5397
fairyNecklace,128,344,20731,0,5397
fairyNecklace,129,347,21078,0,5397
fairyNecklace,130,350,21428,409,5806
fairyNecklace,131,353,21781,0,5806
fairyNecklace,132,356,22137,0,5806
fairyNecklace,133,359,22496,0,5806
fairyNecklace,134,362,22858,0,5806
fairyNecklace,135,365,23223,435,6241
fairyNecklace,136,368,23591,0,6241
fairyNecklace,137,371,23962,0,6241
fairyNecklace,138,374,24336,0,6241
fairyNecklace,139,377,24713,0,6241
fairyNecklace,140,380,25093,462,6703
fairyNecklace,141,383,25476,0,6703
fairyNecklace,142,386,25862,0,6703
fairyNecklace,143,389,26251,0,6703
fairyNecklace,144,392,26643,0,6703
fairyNecklace,145,396,27039,490,7193
fairyNecklace,146,399,27438,0,7193
fairyNecklace,147,402,27840,0,7193
fairyNecklace,148,405,28245,0,7193
fairyNecklace,149,408,28653,0,7193
fairyNecklace,150,411,29064,520,7713
fairyNecklace,151,414,29478,0,7713
fairyNecklace,152,417,29895,0,7713
fairyNecklace,153,420,30315,0,7713
fairyNecklace,154,423,30738,0,7713
fairyNecklace,155,426,31164,552,8265
fairyNecklace,156,430,31594,0,8265
fairyNecklace,157,433,32027,0,8265
fairyNecklace,158,436,32463,0,8265
fairyNecklace,159,439,32902,0,8265
fairyNecklace,160,442,33344,585,8850
fairyNecklace,161,445,33789,0,8850
fairyNecklace,162,448,34237,0,8850
fairyNecklace,163,451,34688,0,8850
fairyNecklace,164,454,35142,0,8850
fairyNecklace,165,458,35600,620,9470
fairyNecklace,166,461,36061,0,9470
fairyNecklace,167,464,36525,0,9470
fairyNecklace,168,467,36992,0,9470
fairyNecklace,169,470,37462,0,9470
fairyNecklace,170,473,37935,658,10128
fairyNecklace,171,476,38411,0,10128
fairyNecklace,172,479,38890,0,10128
fairyNecklace,173,483,39373,0,10128
fairyNecklace,174,486,39859,0,10128
fairyNecklace,175,489,40348,697,10825
fairyNecklace,176,492,40840,0,10825
fairyNecklace,177,495,41335,0,10825
fairyNecklace,178,498,41833,0,10825
fairyNecklace,179,501,42334,0,10825
fairyNecklace,180,505,42839,737,11562
fairyNecklace,181,508,43347,0,11562
fairyNecklace,182,511,43858,0,11562
fairyNecklace,183,514,44372,0,11562
fairyNecklace,184,517,44889,0,11562
fairyNecklace,185,520,45409,780,12342
fairyNecklace,186,524,45933,0,12342
fairyNecklace,187,527,46460,0,12342
fairyNecklace,188,530,46990,0,12342
fairyNecklace,189,533,47523,0,12342
fairyNecklace,190,536,48059,826,13168
fairyNecklace,191,539,48598,0,13168
fairyNecklace,192,543,49141,0,13168
fairyNecklace,193,546,49687,0,13168
fairyNecklace,194,549,50236,0,13168
fairyNecklace,195,552,50788,873,14041
fairyNecklace,196,555,51343,0,14041
fairyNecklace,197,558,51901,0,14041
fairyNecklace,198,562,52463,0,14041
fairyNecklace,199,565,53028,0,14041
fairyNecklace,200,568,53596,922,14963
fairyNecklace,201,571,54167,0,14963
fairyNecklace,202,574,54741,0,14963
fairyNecklace,203,578,55319,0,14963
fairyNecklace,204,581,55900,0,14963
fairyNecklace,205,584,56484,974,15937
fairyNecklace,206,587,57071,0,15937
fairyNecklace,207,590,57661,0,15937
fairyNecklace,208,594,58255,0,15937
fairyNecklace,209,597,58852,0,15937
fairyNecklace,210,600,59452,1028,16965
fairyNecklace,211,603,60055,0,16965
fairyNecklace,212,606,60661,0,16965
fairyNecklace,213,610,61271,0,16965
fairyNecklace,214,613,61884,0,16965
fairyNecklace,215,616,62500,1084,18049
fairyNecklace,216,619,63119,0,18049
fairyNecklace,217,622,63741,0,18049
fairyNecklace,218,626,64367,0,18049
fairyNecklace,219,629,64996,0,18049
fairyNecklace,220,632,65628,1143,19192
fairyNecklace,221,635,66263,0,19192
fairyNecklace,222,639,66902,0,19192
fairyNecklace,223,642,67544,0,19192
fairyNecklace,224,645,68189,0,19192
fairyNecklace,225,648,68837,1204,20396
fairyNecklace,226,651,69488,0,20396
fairyNecklace,227,655,70143,0,20396
fairyNecklace,228,658,70801,0,20396
fairyNecklace,229,661,71462,0,20396
fairyNecklace,230,664,72126,1268,21664
fairyNecklace,231,668,72794,0,21664
fairyNecklace,232,671,73465,0,21664
fairyNecklace,233,674,74139,0,21664
fairyNecklace,234,677,74816,0,21664
fairyNecklace,235,681,75497,1334,22998
fairyNecklace,236,684,76181,0,22998
fairyNecklace,237,687,76868,0,22998
fairyNecklace,238,690,77558,0,22998
fairyNecklace,239,694,78252,0,22998
fairyNecklace,240,697,78949,1403,24401
fairyNecklace,241,700,79649,0,24401
fairyNecklace,242,703,80352,0,24401
fairyNecklace,243,707,81059,0,24401
fairyNecklace,244,710,81769,0,24401
fairyNecklace,245,713,82482,1474,25875
fairyNecklace,246,716,83198,0,25875
fairyNecklace,247,720,83918,0,25875
fairyNecklace,248,723,84641,0,25875
fairyNecklace,249,726,85367,0,25875
fairyNecklace,250,729,86096,1549,27424
fairyNecklace,251,733,86829,0,27424
fairyNecklace,252,736,87565,0,27424
fairyNecklace,253,739,88304,0,27424
fairyNecklace,254,743,89047,0,27424
fairyNecklace,255,746,89793,1626,29050
fairyNecklace,256,749,90542,0,29050
fairyNecklace,257,752,91294,0,29050
fairyNecklace,258,756,92050,0,29050
fairyNecklace,259,759,92809,0,29050
fairyNecklace,260,762,93571,1706,30756
fairyNecklace,261,765,94336,0,30756
fairyNecklace,262,769,95105,0,30756
fairyNecklace,263,772,95877,0,30756
fairyNecklace,264,775,96652,0,30756
fairyNecklace,265,779,97431,1789,32545
fairyNecklace,266,782,98213,0,32545
fairyNecklace,267,785,98998,0,32545
fairyNecklace,268,788,99786,0,32545
fairyNecklace,269,792,100578,0,32545
fairyNecklace,270,795,101373,1875,34420
fairyNecklace,271,798,102171,0,34420
fairyNecklace,272,802,102973,0,34420
fairyNecklace,273,805,103778,0,34420
fairyNecklace,274,808,104586,0,34420
fairyNecklace,275,811,105397,1964,36384
fairyNecklace,276,815,106212,0,36384
fairyNecklace,277,818,107030,0,36384
fairyNecklace,278,821,107851,0,36384
fairyNecklace,279,825,108676,0,36384
fairyNecklace,280,828,109504,2056,38440
fairyNecklace,281,831,110335,0,38440
fairyNecklace,282,835,111170,0,38440
fairyNecklace,283,838,112008,0,38440
fairyNecklace,284,841,112849,0,38440
fairyNecklace,285,845,113694,2151,40591
fairyNecklace,286,848,114542,0,40591
fairyNecklace,287,851,115393,0,40591
fairyNecklace,288,854,116247,0,40591
fairyNecklace,289,858,117105,0,40591
fairyNecklace,290,861,117966,2249,42840
fairyNecklace,291,864,118830,0,42840
fairyNecklace,292,868,119698,0,42840
fairyNecklace,293,871,120569,0,42840
fairyNecklace,294,874,121443,0,42840
fairyNecklace,295,878,122321,2351,45191
fairyNecklace,296,881,123202,0,45191
fairyNecklace,297,884,124086,0,45191
fairyNecklace,298,888,124974,0,45191
fairyNecklace,299,891,125865,0,45191
fairyNecklace,300,894,126759,0,45191
tokenOfResolve,0,0,0,100,100
tokenOfResolve,1,1,1,0,100
tokenOfResolve,2,3,4,0,100
tokenOfResolve,3,6,10,0,100
tokenOfResolve,4,8,18,0,100
tokenOfResolve,5,11,29,104,204
tokenOfResolve,6,14,43,0,204
tokenOfResolve,7,16,59,0,204
tokenOfResolve,8,19,78,0,204
tokenOfResolve,9,22,100,0,204
tokenOfResolve,10,25,125,108,312
tokenOfResolve,11,28,153,0,312
tokenOfResolve,12,31,184,0,312
tokenOfResolve,13,34,218,0,312
tokenOfResolve,14,37,255,0,312
tokenOfResolve,15,40,295,112,424
tokenOfResolve,16,43,338,0,424
tokenOfResolve,17,46,384,0,424
tokenOfResolve,18,50,434,0,424
tokenOfResolve,19,53,487,0,424
tokenOfResolve,20,56,543,117,541
tokenOfResolve,21,59,602,0,541
tokenOfResolve,22,62,664,0,541
tokenOfResolve,23,66,730,0,541
tokenOfResolve,24,69,799,0,541
tokenOfResolve,25,72,871,122,663
tokenOfResolve,26,76,947,0,663
tokenOfResolve,27,79,1026,0,663
tokenOfResolve,28,82,1108,0,663
tokenOfResolve,29,86,1194,0,663
tokenOfResolve,30,89,1283,127,790
tokenOfResolve,31,93,1376,0,790
tokenOfResolve,32,96,1472,0,790
tokenOfResolve,33,100,1572,0,790
tokenOfResolve,34,103,1675,0,790
tokenOfResolve,35,106,1781,133,923
tokenOfResolve,36,110,1891,0,923
tokenOfResolve,37,113,2004,0,923
tokenOfResolve,38,117,2121,0,923
tokenOfResolve,39,120,2241,0,923
tokenOfResolve,40,124,2365,139,1062
tokenOfResolve,41,128,2493,0,1062
tokenOfResolve,42,131,2624,0,1062
tokenOfResolve,43,135,2759,0,1062
tokenOfResolve,44,138,2897,0,1062
tokenOfResolve,45,142,3039,146,1208
tokenOfResolve,46,145,3184,0,1208
tokenOfResolve,47,149,3333,0,1208
tokenOfResolve,48,153,3486,0,1208
tokenOfResolve,49,156,3642,0,1208
tokenOfResolve,50,160,3802,153,1361
tokenOfResolve,51,164,3966,0,1361
tokenOfResolve,52,167,4133,0,1361
tokenOfResolve,53,171,4304,0,1361
tokenOfResolve,54,174,4478,0,1361
tokenOfResolve,55,178,4656,161,1522
tokenOfResolve,56,182,4838,0,1522
tokenOfResolve,57,186,5024,0,1522
tokenOfResolve,58,189,5213,0,1522
tokenOfResolve,59,193,5406,0,1522
tokenOfResolve,60,197,5603,171,1693
tokenOfResolve,61,200,5803,0,1693
tokenOfResolve,62,204,6007,0,1693
tokenOfResolve,63,208,6215,0,1693
tokenOfResolve,64,212,6427,0,1693
tokenOfResolve,65,215,6642,181,1874
tokenOfResolve,66,219,6861,0,1874
tokenOfResolve,67,223,7084,0,1874
tokenOfResolve,68,227,7311,0,1874
tokenOfResolve,69,230,7541,0,1874
tokenOfResolve,70,234,7775,192,2066
tokenOfResolve,71,238,8013,0,2066
tokenOfResolve,72,242,8255,0,2066
tokenOfResolve,73,245,8500,0,2066
tokenOfResolve,74,249,8749,0,2066
tokenOfResolve,75,253,9002,204,2270
tokenOfResolve,76,257,9259,0,2270
tokenOfResolve,77,261,9520,0,2270
tokenOfResolve,78,265,9785,0,2270
tokenOfResolve,79,268,10053,0,2270
tokenOfResolve,80,272,10325,217,2487
tokenOfResolve,81,276,10601,0,2487
tokenOfResolve,82,280,10881,0,2487
tokenOfResolve,83,284,11165,0,2487
tokenOfResolve,84,288,11453,0,2487
tokenOfResolve,85,291,11744,231,2718
tokenOfResolve,86,295,12039,0,2718
tokenOfResolve,87,299,12338,0,2718
tokenOfResolve,88,303,12641,0,2718
tokenOfResolve,89,307,12948,0,2718
tokenOfResolve,90,311,13259,247,2965
tokenOfResolve,91,315,13574,0,2965
tokenOfResolve,92,319,13893,0,2965
tokenOfResolve,93,323,14216,0,2965
tokenOfResolve,94,326,14542,0,2965
tokenOfResolve,95,330,14872,264,3229
tokenOfResolve,96,334,15206,0,3229
tokenOfResolve,97,338,15544,0,3229
tokenOfResolve,98,342,15886,0,3229
tokenOfResolve,99,346,16232,0,3229
tokenOfResolve,100,350,16582,283,3512
tokenOfResolve,101,354,16936,0,3512
tokenOfResolve,102,358,17294,0,3512
tokenOfResolve,103,362,17656,0,3512
tokenOfResolve,104,366,18022,0,3512
tokenOfResolve,105,370,18392,303,3815
tokenOfResolve,106,374,18766,0,3815
tokenOfResolve,107,378,19144,0,3815
tokenOfResolve,108,382,19526,0,3815
tokenOfResolve,109,386,19912,0,3815
tokenOfResolve,110,389,20301,324,4139
tokenOfResolve,111,393,20694,0,4139
tokenOfResolve,112,397,21091,0,4139
tokenOfResolve,113,401,21492,0,4139
tokenOfResolve,114,405,21897,0,4139
tokenOfResolve,115,409,22306,348,4487
tokenOfResolve,116,413,22719,0,4487
tokenOfResolve,117,417,23136,0,4487
tokenOfResolve,118,421,23557,0,4487
tokenOfResolve,119,425,23982,0,4487
tokenOfResolve,120,429,24411,373,4860
tokenOfResolve,121,433,24844,0,4860
tokenOfResolve,122,437,25281,0,4860
tokenOfResolve,123,441,25722,0,4860
tokenOfResolve,124,446,26168,0,4860
tokenOfResolve,125,450,26618,399,5259
tokenOfResolve,126,454,27072,0,5259
tokenOfResolve,127,458,27530,0,5259
tokenOfResolve,128,462,27992,0,5259
tokenOfResolve,129,466,28458,0,5259
tokenOfResolve,130,470,28928,428,5687
tokenOfResolve,131,474,29402,0,5687
tokenOfResolve,132,478,29880,0,5687
tokenOfResolve,133,482,30362,0,5687
tokenOfResolve,134,486,30848,0,5687
tokenOfResolve,135,490,31338,459,6146
tokenOfResolve,136,494,31832,0,6146
tokenOfResolve,137,498,32330,0,6146
tokenOfResolve,138,502,32832,0,6146
tokenOfResolve,139,506,33338,0,6146
tokenOfResolve,140,510,33848,492,6638
tokenOfResolve,141,514,34362,0,6638
tokenOfResolve,142,519,34881,0,6638
tokenOfResolve,143,523,35404,0,6638
tokenOfResolve,144,527,35931,0,6638
tokenOfResolve,145,531,36462,527,7165
tokenOfResolve,146,535,36997,0,7165
tokenOfResolve,147,539,37536,0,7165
tokenOfResolve,148,543,38079,0,7165
tokenOfResolve,149,547,38626,0,7165
tokenOfResolve,150,551,39177,564,7729
tokenOfResolve,151,555,39732,0,7729
tokenOfResolve,152,560,40292,0,7729
tokenOfResolve,153,564,40856,0,7729
tokenOfResolve,154,568,41424,0,7729
tokenOfResolve,155,572,41996,603,8332
tokenOfResolve,156,576,42572,0,8332
tokenOfResolve,157,580,43152,0,8332
tokenOfResolve,158,584,43736,0,8332
tokenOfResolve,159,588,44324,0,8332
tokenOfResolve,160,593,44917,645,8977
tokenOfResolve,161,597,45514,0,8977
tokenOfResolve,162,601,46115,0,8977
tokenOfResolve,163,605,46720,0,8977
tokenOfResolve,164,609,47329,0,8977
tokenOfResolve,165,613,47942,689,9666
tokenOfResolve,166,617,48559,0,9666
tokenOfResolve,167,622,49181,0,9666
tokenOfResolve,168,626,49807,0,9666
tokenOfResolve,169,630,50437,0,9666
tokenOfResolve,170,634,51071,736,10402
tokenOfResolve,171,638,51709,0,10402
tokenOfResolve,172,642,52351,0,10402
tokenOfResolve,173,647,52998,0,10402
tokenOfResolve,174,651,53649,0,10402
tokenOfResolve,175,655,54304,785,11187
tokenOfResolve,176,659,54963,0,11187
tokenOfResolve,177,663,55626,0,11187
tokenOfResolve,178,668,56294,0,11187
tokenOfResolve,179,672,56966,0,11187
tokenOfResolve,180,676,57642,837,12024
tokenOfResolve,181,680,58322,0,12024
tokenOfResolve,182,684,59006,0,12024
tokenOfResolve,183,688,59694,0,12024
tokenOfResolve,184,693,60387,0,12024
tokenOfResolve,185,697,61084,891,12915
tokenOfResolve,186,701,61785,0,12915
tokenOfResolve,187,705,62490,0,12915
tokenOfResolve,188,709,63199,0,12915
tokenOfResolve,189,714,63913,0,12915
tokenOfResolve,190,718,64631,949,13864
tokenOfResolve,191,722,65353,0,13864
tokenOfResolve,192,726,66079,0,13864
tokenOfResolve,193,731,66810,0,13864
tokenOfResolve,194,735,67545,0,13864
tokenOfResolve,195,739,68284,1009,14873
tokenOfResolve,196,743,69027,0,14873
tokenOfResolve,197,747,69774,0,14873
tokenOfResolve,198,752,70526,0,14873
tokenOfResolve,199,756,71282,0,14873
tokenOfResolve,200,760,72042,1072,15945
tokenOfResolve,201,764,72806,0,15945
tokenOfResolve,202,769,73575,0,15945
tokenOfResolve,203,773,74348,0,15945
tokenOfResolve,204,777,75125,0,15945
tokenOfResolve,205,781,75906,1138,17083
tokenOfResolve,206,786,76692,0,17083
tokenOfResolve,207,790,77482,0,17083
tokenOfResolve,208,794,78276,0,17083
tokenOfResolve,209,798,79074,0,17083
tokenOfResolve,210,803,79877,1208,18291
tokenOfResolve,211,807,80684,0,18291
tokenOfResolve,212,811,81495,0,18291
tokenOfResolve,213,815,82310,0,18291
tokenOfResolve,214,820,83130,0,18291
tokenOfResolve,215,824,83954,1280,19571
tokenOfResolve,216,828,84782,0,19571
tokenOfResolve,217,832,85614,0,19571
tokenOfResolve,218,837,86451,0,19571
tokenOfResolve,219,841,87292,0,19571
tokenOfResolve,220,845,88137,1356,20927
tokenOfResolve,221,850,88987,0,20927
tokenOfResolve,222,854,89841,0,20927
tokenOfResolve,223,858,90699,0,20927
tokenOfResolve,224,862,91561,0,20927
tokenOfResolve,225,867,92428,1435,22362
tokenOfResolve,226,871,93299,0,22362
tokenOfResolve,227,875,94174,0,22362
tokenOfResolve,228,880,95054,0,22362
tokenOfResolve,229,884,95938,0,22362
tokenOfResolve,230,888,96826,1518,23880
tokenOfResolve,231,892,97718,0,23880
tokenOfResolve,232,897,98615,0,23880
tokenOfResolve,233,901,99516,0,23880
tokenOfResolve,234,905,100421,0,23880
tokenOfResolve,235,910,101331,1604,25484
tokenOfResolve,236,914,102245,0,25484
tokenOfResolve,237,918,103163,0,25484
tokenOfResolve,238,923,104086,0,25484
tokenOfResolve,239,927,105013,0,25484
tokenOfResolve,240,931,105944,1694,27178
tokenOfResolve,241,935,106879,0,27178
tokenOfResolve,242,940,107819,0,27178
tokenOfResolve,243,944,108763,0,27178
tokenOfResolve,244,948,109711,0,27178
tokenOfResolve,245,953,110664,1787,28965
tokenOfResolve,246,957,111621,0,28965
tokenOfResolve,247,961,112582,0,28965
tokenOfResolve,248,966,113548,0,28965
tokenOfResolve,249,970,114518,0,28965
tokenOfResolve,250,974,115492,1884,30849
tokenOfResolve,251,979,116471,0,30849
tokenOfResolve,252,983,117454,0,30849
tokenOfResolve,253,987,118441,0,30849
tokenOfResolve,254,992,119433,0,30849
tokenOfResolve,255,996,120429,1985,32834
tokenOfResolve,256,1000,121429,0,32834
tokenOfResolve,257,1005,122434,0,32834
tokenOfResolve,258,1009,123443,0,32834
tokenOfResolve,259,1013,124456,0,32834
tokenOfResolve,260,1018,125474,2089,34923
tokenOfResolve,261,1022,126496,0,34923
tokenOfResolve,262,1027,127523,0,34923
tokenOfResolve,263,1031,128554,0,34923
tokenOfResolve,264,1035,129589,0,34923
tokenOfResolve,265,1040,130629,2198,37121
tokenOfResolve,266,1044,131673,0,37121
tokenOfResolve,267,1048,132721,0,37121
tokenOfResolve,268,1053,133774,0,37121
tokenOfResolve,269,1057,134831,0,37121
tokenOfResolve,270,1061,135892,2310,39431
tokenOfResolve,271,1066,136958,0,39431
tokenOfResolve,272,1070,138028,0,39431
tokenOfResolve,273,1075,139103,0,39431
tokenOfResolve,274,1079,140182,0,39431
tokenOfResolve,275,1083,141265,2427,41858
tokenOfResolve,276,1088,142353,0,41858
tokenOfResolve,277,1092,143445,0,41858
tokenOfResolve,278,1096,144541,0,41858
tokenOfResolve,279,1101,145642,0,41858
tokenOfResolve,280,1105,146747,2548,44406
tokenOfResolve,281,1110,147857,0,44406
tokenOfResolve,282,1114,148971,0,44406
tokenOfResolve,283,1118,150089,0,44406
tokenOfResolve,284,1123,151212,0,44406
tokenOfResolve,285,1127,152339,2673,47079
tokenOfResolve,286,1131,153470,0,47079
tokenOfResolve,287,1136,154606,0,47079
tokenOfResolve,288,1140,155746,0,47079
tokenOfResolve,289,1145,156891,0,47079
tokenOfResolve,290,1149,158040,2803,49882
tokenOfResolve,291,1153,159193,0,49882
tokenOfResolve,292,1158,160351,0,49882
tokenOfResolve,293,1162,161513,0,49882
tokenOfResolve,294,1167,162680,0,49882
tokenOfResolve,295,1171,163851,2936,52818
tokenOfResolve,296,1175,165026,0,52818
tokenOfResolve,297,1180,166206,0,52818
tokenOfResolve,298,1184,167390,0,52818
tokenOfResolve,299,1189,168579,0,52818
tokenOfResolve,300,1193,169772,0,52818
ancientDragonScale,0,0,0,100,100
ancientDragonScale,1,2,2,0,100
ancientDragonScale,2,5,7,0,100
ancientDragonScale,3,8,15,0,100
ancientDragonScale,4,11,26,0,100
ancientDragonScale,5,14,40,103,203
ancientDragonScale,6,18,58,0,203
ancientDragonScale,7,21,79,0,203
ancientDragonScale,8,25,104,0,203
ancientDragonScale,9,28,132,0,203
ancientDragonScale,10,32,164,106,309
ancientDragonScale,11,36,200,0,309
ancientDragonScale,12,40,240,0,309
ancientDragonScale,13,43,283,0,309
ancientDragonScale,14,47,330,0,309
ancientDragonScale,15,51,381,109,418
ancientDragonScale,16,55,436,0,418
ancientDragonScale,17,59,495,0,418
ancientDragonScale,18,63,558,0,418
ancientDragonScale,19,67,625,0,418
ancientDragonScale,20,71,696,113,531
ancientDragonScale,21,75,771,0,531
ancientDragonScale,22,79,850,0,531
ancientDragonScale,23,84,934,0,531
ancientDragonScale,24,88,1022,0,531
ancientDragonScale,25,92,1114,117,648
ancientDragonScale,26,96,1210,0,648
ancientDragonScale,27,100,1310,0,648
ancientDragonScale,28,105,1415,0,648
ancientDragonScale,29,109,1524,0,648
ancientDragonScale,30,113,1637,122,770
ancientDragonScale,31,117,1754,0,770
ancientDragonScale,32,122,1876,0,770
ancientDragonScale,33,126,2002,0,770
ancientDragonScale,34,130,2132,0,770
ancientDragonScale,35,135,2267,127,897
ancientDragonScale,36,139,2406,0,897
ancientDragonScale,37,144,2550,0,897
ancientDragonScale,38,148,2698,0,897
ancientDragonScale,39,152,2850,0,897
ancientDragonScale,40,157,3007,133,1030
ancientDragonScale,41,161,3168,0,1030
ancientDragonScale,42,166,3334,0,1030
ancientDragonScale,43,170,3504,0,1030
ancientDragonScale,44,175,3679,0,1030
ancientDragonScale,45,179,3858,140,1170
ancientDragonScale,46,184,4042,0,1170
ancientDragonScale,47,188,4230,0,1170
ancientDragonScale,48,193,4423,0,1170
ancientDragonScale,49,197,4620,0,1170
ancientDragonScale,50,202,4822,148,1318
ancientDragonScale,51,207,5029,0,1318
ancientDragonScale,52,211,5240,0,1318
ancientDragonScale,53,216,5456,0,1318
ancientDragonScale,54,220,5676,0,1318
ancientDragonScale,55,225,5901,157,1475
ancientDragonScale,56,229,6130,0,1475
ancientDragonScale,57,234,6364,0,1475
ancientDragonScale,58,239,6603,0,1475
ancientDragonScale,59,243,6846,0,1475
ancientDragonScale,60,248,7094,168,1643
ancientDragonScale,61,253,7347,0,1643
ancientDragonScale,62,257,7604,0,1643
ancientDragonScale,63,262,7866,0,1643
ancientDragonScale,64,267,8133,0,1643
ancientDragonScale,65,271,8404,180,1823
ancientDragonScale,66,276,8680,0,1823
ancientDragonScale,67,281,8961,0,1823
ancientDragonScale,68,286,9247,0,1823
ancientDragonScale,69,290,9537,0,1823
ancientDragonScale,70,295,9832,193,2016
ancientDragonScale,71,300,10132,0,2016
ancientDragonScale,72,304,10436,0,2016
ancientDragonScale,73,309,10745,0,2016
ancientDragonScale,74,314,11059,0,2016
ancientDragonScale,75,319,11378,208,2224
ancientDragonScale,76,324,11702,0,2224
ancientDragonScale,77,328,12030,0,2224
ancientDragonScale,78,333,12363,0,2224
ancientDragonScale,79,338,12701,0,2224
ancientDragonScale,80,343,13044,224,2448
ancientDragonScale,81,348,13392,0,2448
ancientDragonScale,82,352,13744,0,2448
ancientDragonScale,83,357,14101,0,2448
ancientDragonScale,84,362,14463,0,2448
ancientDragonScale,85,367,14830,242,2690
ancientDragonScale,86,372,15202,0,2690
ancientDragonScale,87,377,15579,0,2690
ancientDragonScale,88,381,15960,0,2690
ancientDragonScale,89,386,16346,0,2690
ancientDragonScale,90,391,16737,262,2952
ancientDragonScale,91,396,17133,0,2952
ancientDragonScale,92,401,17534,0,2952
ancientDragonScale,93,406,17940,0,2952
ancientDragonScale,94,411,18351,0,2952
ancientDragonScale,95,415,18766,285,3237
ancientDragonScale,96,420,19186,0,3237
ancientDragonScale,97,425,19611,0,3237
ancientDragonScale,98,430,20041,0,3237
ancientDragonScale,99,435,20476,0,3237
ancientDragonScale,100,440,20916,309,3546
ancientDragonScale,101,445,21361,0,3546
ancientDragonScale,102,450,21811,0,3546
ancientDragonScale,103,455,22266,0,3546
ancientDragonScale,104,460,22726,0,3546
ancientDragonScale,105,465,23191,336,3882
ancientDragonScale,106,470,23661,0,3882
ancientDragonScale,107,475,24136,0,3882
ancientDragonScale,108,480,24616,0,3882
ancientDragonScale,109,485,25101,0,3882
ancientDragonScale,110,489,25590,364,4246
ancientDragonScale,111,494,26084,0,4246
ancientDragonScale,112,499,26583,0,4246
ancientDragonScale,113,504,27087,0,4246
ancientDragonScale,114,509,27596,0,4246
ancientDragonScale,115,514,28110,396,4642
ancientDragonScale,116,519,28629,0,4642
ancientDragonScale,117,524,29153,0,4642
ancientDragonScale,118,529,29682,0,4642
ancientDragonScale,119,534,30216,0,4642
ancientDragonScale,120,539,30755,430,5072
ancientDragonScale,121,544,31299,0,5072
ancientDragonScale,122,549,31848,0,5072
ancientDragonScale,123,554,32402,0,5072
ancientDragonScale,124,560,32962,0,5072
ancientDragonScale,125,565,33527,466,5538
ancientDragonScale,126,570,34097,0,5538
ancientDragonScale,127,575,34672,0,5538
ancientDragonScale,128,580,35252,0,5538
ancientDragonScale,129,585,35837,0,5538
ancientDragonScale,130,590,36427,506,6044
ancientDragonScale,131,595,37022,0,6044
ancientDragonScale,132,600,37622,0,6044
ancientDragonScale,133,605,38227,0,6044
ancientDragonScale,134,610,38837,0,6044
ancientDragonScale,135,615,39452,548,6592
ancientDragonScale,136,620,40072,0,6592
ancientDragonScale,137,625,40697,0,6592
ancientDragonScale,138,630,41327,0,6592
ancientDragonScale,139,635,41962,0,6592
ancientDragonScale,140,641,42603,594,7186
ancientDragonScale,141,646,43249,0,7186
ancientDragonScale,142,651,43900,0,7186
ancientDragonScale,143,656,44556,0,7186
ancientDragonScale,144,661,45217,0,7186
ancientDragonScale,145,666,45883,642,7828
ancientDragonScale,146,671,46554,0,7828
ancientDragonScale,147,676,47230,0,7828
ancientDragonScale,148,681,47911,0,7828
ancientDragonScale,149,687,48598,0,7828
ancientDragonScale,150,692,49290,694,8522
ancientDragonScale,151,697,49987,0,8522
ancientDragonScale,152,702,50689,0,8522
ancientDragonScale,153,707,51396,0,8522
ancientDragonScale,154,712,52108,0,8522
ancientDragonScale,155,717,52825,749,9271
ancientDragonScale,156,723,53548,0,9271
ancientDragonScale,157,728,54276,0,9271
ancientDragonScale,158,733,55009,0,9271
ancientDragonScale,159,738,55747,0,9271
ancientDragonScale,160,743,56490,808,10079
ancientDragonScale,161,748,57238,0,10079
ancientDragonScale,162,754,57992,0,10079
ancientDragonScale,163,759,58751,0,10079
ancientDragonScale,164,764,59515,0,10079
ancientDragonScale,165,769,60284,870,10949
ancientDragonScale,166,774,61058,0,10949
ancientDragonScale,167,779,61837,0,10949
ancientDragonScale,168,785,62622,0,10949
ancientDragonScale,169,790,63412,0,10949
ancientDragonScale,170,795,64207,936,11885
ancientDragonScale,171,800,65007,0,11885
ancientDragonScale,172,805,65812,0,11885
ancientDragonScale,173,811,66623,0,11885
ancientDragonScale,174,816,67439,0,11885
ancientDragonScale,175,821,68260,1006,12891
ancientDragonScale,176,826,69086,0,12891
ancientDragonScale,177,831,69917,0,12891
ancientDragonScale,178,837,70754,0,12891
ancientDragonScale,179,842,71596,0,12891
ancientDragonScale,180,847,72443,1079,13970
ancientDragonScale,181,852,73295,0,13970
ancientDragonScale,182,858,74153,0,13970
ancientDragonScale,183,863,75016,0,13970
ancientDragonScale,184,868,75884,0,13970
ancientDragonScale,185,873,76757,1157,15127
ancientDragonScale,186,879,77636,0,15127
ancientDragonScale,187,884,78520,0,15127
ancientDragonScale,188,889,79409,0,15127
ancientDragonScale,189,894,80303,0,15127
ancientDragonScale,190,900,81203,1239,16366
ancientDragonScale,191,905,82108,0,16366
ancientDragonScale,192,910,83018,0,16366
ancientDragonScale,193,915,83933,0,16366
ancientDragonScale,194,921,84854,0,16366
ancientDragonScale,195,926,85780,1325,17691
ancientDragonScale,196,931,86711,0,17691
ancientDragonScale,197,936,87647,0,17691
ancientDragonScale,198,942,88589,0,17691
ancientDragonScale,199,947,89536,0,17691
ancientDragonScale,200,952,90488,1415,19106
ancientDragonScale,201,958,91446,0,19106
ancientDragonScale,202,963,92409,0,19106
ancientDragonScale,203,968,93377,0,19106
ancientDragonScale,204,973,94350,0,19106
ancientDragonScale,205,979,95329,1510,20616
ancientDragonScale,206,984,96313,0,20616
ancientDragonScale,207,989,97302,0,20616
ancientDragonScale,208,995,98297,0,20616
ancientDragonScale,209,1000,99297,0,20616
ancientDragonScale,210,1005,100302,1610,22226
ancientDragonScale,211,1011,101313,0,22226
ancientDragonScale,212,1016,102329,0,22226
ancientDragonScale,213,1021,103350,0,22226
ancientDragonScale,214,1026,104376,0,22226
ancientDragonScale,215,1032,105408,1714,23940
ancientDragonScale,216,1037,106445,0,23940
ancientDragonScale,217,1042,107487,0,23940
ancientDragonScale,218,1048,108535,0,23940
ancientDragonScale,219,1053,109588,0,23940
ancientDragonScale,220,1058,110646,1823,25763
ancientDragonScale,221,1064,111710,0,25763
ancientDragonScale,222,1069,112779,0,25763
ancientDragonScale,223,1074,113853,0,25763
ancientDragonScale,224,1080,114933,0,25763
ancientDragonScale,225,1085,116018,1937,27700
ancientDragonScale,226,1090,117108,0,27700
ancientDragonScale,227,1096,118204,0,27700
ancientDragonScale,228,1101,119305,0,27700
ancientDragonScale,229,1107,120412,0,27700
ancientDragonScale,230,1112,121524,2056,29756
ancientDragonScale,231,1117,122641,0,29756
ancientDragonScale,232,1123,123764,0,29756
ancientDragonScale,233,1128,124892,0,29756
ancientDragonScale,234,1133,126025,0,29756
ancientDragonScale,235,1139,127164,2181,31937
ancientDragonScale,236,1144,128308,0,31937
ancientDragonScale,237,1149,129457,0,31937
ancientDragonScale,238,1155,130612,0,31937
ancientDragonScale,239,1160,131772,0,31937
ancientDragonScale,240,1166,132938,2310,34247
ancientDragonScale,241,1171,134109,0,34247
ancientDragonScale,242,1176,135285,0,34247
ancientDragonScale,243,1182,136467,0,34247
ancientDragonScale,244,1187,137654,0,34247
ancientDragonScale,245,1192,138846,2445,36692
ancientDragonScale,246,1198,140044,0,36692
ancientDragonScale,247,1203,141247,0,36692
ancientDragonScale,248,1209,142456,0,36692
ancientDragonScale,249,1214,143670,0,36692
ancientDragonScale,250,1219,144889,2585,39277
ancientDragonScale,251,1225,146114,0,39277
ancientDragonScale,252,1230,147344,0,39277
ancientDragonScale,253,1236,148580,0,39277
ancientDragonScale,254,1241,149821,0,39277
ancientDragonScale,255,1246,151067,2731,42008
ancientDragonScale,256,1252,152319,0,42008
ancientDragonScale,257,1257,153576,0,42008
ancientDragonScale,258,1263,154839,0,42008
ancientDragonScale,259,1268,156107,0,42008
ancientDragonScale,260,1273,157380,2883,44891
ancientDragonScale,261,1279,158659,0,44891
ancientDragonScale,262,1284,159943,0,44891
ancientDragonScale,263,1290,161233,0,44891
ancientDragonScale,264,1295,162528,0,44891
ancientDragonScale,265,1301,163829,3041,47932
ancientDragonScale,266,1306,165135,0,47932
ancientDragonScale,267,1311,166446,0,47932
ancientDragonScale,268,1317,167763,0,47932
ancientDragonScale,269,1322,169085,0,47932
ancientDragonScale,270,1328,170413,3204,51136
ancientDragonScale,271,1333,171746,0,51136
ancientDragonScale,272,1339,173085,0,51136
ancientDragonScale,273,1344,174429,0,51136
ancientDragonScale,274,1350,175779,0,51136
ancientDragonScale,275,1355,177134,3374,54510
ancientDragonScale,276,1360,178494,0,54510
ancientDragonScale,277,1366,179860,0,54510
ancientDragonScale,278,1371,181231,0,54510
ancientDragonScale,279,1377,182608,0,54510
ancientDragonScale,280,1382,183990,3549,58059
ancientDragonScale,281,1388,185378,0,58059
ancientDragonScale,282,1393,186771,0,58059
ancientDragonScale,283,1399,188170,0,58059
ancientDragonScale,284,1404,189574,0,58059
ancientDragonScale,285,1410,190984,3731,61790
ancientDragonScale,286,1415,192399,0,61790
ancientDragonScale,287,1421,193820,0,61790
ancientDragonScale,288,1426,195246,0,61790
ancientDragonScale,289,1431,196677,0,61790
ancientDragonScale,290,1437,198114,3920,65710
ancientDragonScale,291,1442,199556,0,65710
ancientDragonScale,292,1448,201004,0,65710
ancientDragonScale,293,1453,202457,0,65710
ancientDragonScale,294,1459,203916,0,65710
ancientDragonScale,295,1464,205380,4115,69825
ancientDragonScale,296,1470,206850,0,69825
ancientDragonScale,297,1475,208325,0,69825
ancientDragonScale,298,1481,209806,0,69825
ancientDragonScale,299,1486,211292,0,69825
ancientDragonScale,300,1492,212784,0,69825
darkOrb,0,0,0,100,100
darkOrb,1,3,3,0,100
darkOrb,2,8,11,0,100
darkOrb,3,13,24,0,100
darkOrb,4,18,42,0,100
darkOrb,5,24,66,109,209
darkOrb,6,30,96,0,209
darkOrb,7,36,132,0,209
darkOrb,8,43,175,0,209
darkOrb,9,49,224,0,209
darkOrb,10,56,280,121,330
darkOrb,11,62,342,0,330
darkOrb,12,69,411,0,330
darkOrb,13,76,487,0,330
darkOrb,14,83,570,0,330
darkOrb,15,90,660,137,467
darkOrb,16,97,757,0,467
darkOrb,17,104,861,0,467
darkOrb,18,111,972,0,467
darkOrb,19,118,1090,0,467
darkOrb,20,126,1216,160,627
darkOrb,21,133,1349,0,627
darkOrb,22,140,1489,0,627
darkOrb,23,148,1637,0,627
darkOrb,24,155,1792,0,627
darkOrb,25,163,1955,192,819
darkOrb,26,171,2126,0,819
darkOrb,27,178,2304,0,819
darkOrb,28,186,2490,0,819
darkOrb,29,194,2684,0,819
darkOrb,30,201,2885,235,1054
darkOrb,31,209,3094,0,1054
darkOrb,32,217,3311,0,1054
darkOrb,33,225,3536,0,1054
darkOrb,34,233,3769,0,1054
darkOrb,35,241,4010,292,1346
darkOrb,36,249,4259,0,1346
darkOrb,37,257,4516,0,1346
darkOrb,38,265,4781,0,1346
darkOrb,39,273,5054,0,1346
darkOrb,40,281,5335,365,1711
darkOrb,41,289,5624,0,1711
darkOrb,42,297,5921,0,1711
darkOrb,43,305,6226,0,1711
darkOrb,44,313,6539,0,1711
darkOrb,45,322,6861,455,2166
darkOrb,46,330,7191,0,2166
darkOrb,47,338,7529,0,2166
darkOrb,48,346,7875,0,2166
darkOrb,49,355,8230,0,2166
darkOrb,50,363,8593,567,2733
darkOrb,51,371,8964,0,2733
darkOrb,52,380,9344,0,2733
darkOrb,53,388,9732,0,2733
darkOrb,54,396,10128,0,2733
darkOrb,55,405,10533,701,3434
darkOrb,56,413,10946,0,3434
darkOrb,57,422,11368,0,3434
darkOrb,58,430,11798,0,3434
darkOrb,59,439,12237,0,3434
darkOrb,60,447,12684,859,4293
darkOrb,61,456,13140,0,4293
darkOrb,62,464,13604,0,4293
darkOrb,63,473,14077,0,4293
darkOrb,64,482,14559,0,4293
darkOrb,65,490,15049,1045,5338
darkOrb,66,499,15548,0,5338
darkOrb,67,507,16055,0,5338
darkOrb,68,516,16571,0,5338
darkOrb,69,525,17096,0,5338
darkOrb,70,533,17629,1260,6598
darkOrb,71,542,18171,0,6598
darkOrb,72,551,18722,0,6598
darkOrb,73,560,19282,0,6598
darkOrb,74,568,19850,0,6598
darkOrb,75,577,20427,1507,8105
darkOrb,76,586,21013,0,8105
darkOrb,77,595,21608,0,8105
darkOrb,78,604,22212,0,8105
darkOrb,79,612,22824,0,8105
darkOrb,80,621,23445,1788,9893
darkOrb,81,630,24075,0,9893
darkOrb,82,639,24714,0,9893
darkOrb,83,648,25362,0,9893
darkOrb,84,657,26019,0,9893
darkOrb,85,666,26685,2106,11999
darkOrb,86,674,27359,0,11999
darkOrb,87,683,28042,0,11999
darkOrb,88,692,28734,0,11999
darkOrb,89,701,29435,0,11999
darkOrb,90,710,30145,2461,14460
darkOrb,91,719,30864,0,14460
darkOrb,92,728,31592,0,14460
darkOrb,93,737,32329,0,14460
darkOrb,94,746,33075,0,14460
darkOrb,95,755,33830,2858,17318
darkOrb,96,764,34594,0,17318
darkOrb,97,773,35367,0,17318
darkOrb,98,782,36149,0,17318
darkOrb,99,792,36941,0,17318
darkOrb,100,801,37742,0,17318
hourglass,0,0,0,100,100
hourglass,1,36,36,0,100
hourglass,2,43,79,0,100
hourglass,3,52,131,0,100
hourglass,4,62,193,0,100
hourglass,5,75,268,103,203
hourglass,6,89,357,0,203
hourglass,7,107,464,0,203
hourglass,8,129,593,0,203
hourglass,9,155,748,0,203
hourglass,10,186,934,107,310
hourglass,11,223,1157,0,310
hourglass,12,268,1425,0,310
hourglass,13,321,1746,0,310
hourglass,14,386,2132,0,310
hourglass,15,463,2595,113,423
hourglass,16,555,3150,0,423
hourglass,17,666,3816,0,423
hourglass,18,800,4616,0,423
hourglass,19,959,5575,0,423
hourglass,20,1151,6726,123,546
hourglass,21,1380,8106,0,546
hourglass,22,1656,9762,0,546
hourglass,23,1987,11749,0,546
hourglass,24,2385,14134,0,546
hourglass,25,2862,16996,137,683
hourglass,26,3434,20430,0,683
hourglass,27,4121,24551,0,683
hourglass,28,4945,29496,0,683
hourglass,29,5934,35430,0,683
hourglass,30,7121,42551,0,683
