아누비스의 가면,레벨,효과,필요 수호자의 돌,누적 수호자의 돌,해금 (Gem),누적 Gem
,0,최종 DEX 0% 증가,-,0,💎 100,100
,1,최종 DEX 1% 증가,1,1,-,100
,2,최종 DEX 2% 증가,2,3,-,100
,3,최종 DEX 3% 증가,4,7,-,100
,4,최종 DEX 4% 증가,6,13,-,100
,5,최종 DEX 5% 증가,8,21,💎 105,205
,6,최종 DEX 6% 증가,10,31,-,205
,7,최종 DEX 7% 증가,12,43,-,205
,8,최종 DEX 8% 증가,14,57,-,205
,9,최종 DEX 9% 증가,16,73,-,205
,10,최종 DEX 10% 증가,18,91,💎 111,316
,11,최종 DEX 11% 증가,20,111,-,316
,12,최종 DEX 12% 증가,22,133,-,316
,13,최종 DEX 13% 증가,24,157,-,316
,14,최종 DEX 14% 증가,27,184,-,316
,15,최종 DEX 15% 증가,29,213,💎 117,433
,16,최종 DEX 16% 증가,31,244,-,433
,17,최종 DEX 17% 증가,34,278,-,433
,18,최종 DEX 18% 증가,36,314,-,433
,19,최종 DEX 19% 증가,38,352,-,433
,20,최종 DEX 20% 증가,41,393,💎 122,555
,21,최종 DEX 21% 증가,43,436,-,555
,22,최종 DEX 22% 증가,45,481,-,555
,23,최종 DEX 23% 증가,48,529,-,555
,24,최종 DEX 24% 증가,50,579,-,555
,25,최종 DEX 25% 증가,53,632,💎 129,684
,26,최종 DEX 26% 증가,55,687,-,684
,27,최종 DEX 27% 증가,58,745,-,684
,28,최종 DEX 28% 증가,60,805,-,684
,29,최종 DEX 29% 증가,63,868,-,684
,30,최종 DEX 30% 증가,65,933,💎 135,819
,31,최종 DEX 31% 증가,68,"1,001",-,819
,32,최종 DEX 32% 증가,70,"1,071",-,819
,33,최종 DEX 33% 증가,73,"1,144",-,819
,34,최종 DEX 34% 증가,75,"1,219",-,819
,35,최종 DEX 35% 증가,78,"1,297",💎 142,961
,36,최종 DEX 36% 증가,81,"1,378",-,961
,37,최종 DEX 37% 증가,83,"1,461",-,961
,38,최종 DEX 38% 증가,86,"1,547",-,961
,39,최종 DEX 39% 증가,88,"1,635",-,961
,40,최종 DEX 40% 증가,91,"1,726",💎 149,"1,110"
,41,최종 DEX 41% 증가,94,"1,820",-,"1,110"
,42,최종 DEX 42% 증가,96,"1,916",-,"1,110"
,43,최종 DEX 43% 증가,99,"2,015",-,"1,110"
,44,최종 DEX 44% 증가,102,"2,117",-,"1,110"
,45,최종 DEX 45% 증가,104,"2,221",💎 157,"1,267"
,46,최종 DEX 46% 증가,107,"2,328",-,"1,267"
,47,최종 DEX 47% 증가,110,"2,438",-,"1,267"
,48,최종 DEX 48% 증가,112,"2,550",-,"1,267"
,49,최종 DEX 49% 증가,115,"2,665",-,"1,267"
,50,최종 DEX 50% 증가,118,"2,783",💎 165,"1,432"
,51,최종 DEX 51% 증가,121,"2,904",-,"1,432"
,52,최종 DEX 52% 증가,123,"3,027",-,"1,432"
,53,최종 DEX 53% 증가,126,"3,153",-,"1,432"
,54,최종 DEX 54% 증가,129,"3,282",-,"1,432"
,55,최종 DEX 55% 증가,131,"3,413",💎 174,"1,606"
,56,최종 DEX 56% 증가,134,"3,547",-,"1,606"
,57,최종 DEX 57% 증가,137,"3,684",-,"1,606"
,58,최종 DEX 58% 증가,140,"3,824",-,"1,606"
,59,최종 DEX 59% 증가,142,"3,966",-,"1,606"
,60,최종 DEX 60% 증가,145,"4,111",💎 183,"1,789"
,61,최종 DEX 61% 증가,148,"4,259",-,"1,789"
,62,최종 DEX 62% 증가,151,"4,410",-,"1,789"
,63,최종 DEX 63% 증가,154,"4,564",-,"1,789"
,64,최종 DEX 64% 증가,156,"4,720",-,"1,789"
,65,최종 DEX 65% 증가,159,"4,879",💎 193,"1,982"
,66,최종 DEX 66% 증가,162,"5,041",-,"1,982"
,67,최종 DEX 67% 증가,165,"5,206",-,"1,982"
,68,최종 DEX 68% 증가,168,"5,374",-,"1,982"
,69,최종 DEX 69% 증가,170,"5,544",-,"1,982"
,70,최종 DEX 70% 증가,173,"5,717",💎 204,"2,186"
,71,최종 DEX 71% 증가,176,"5,893",-,"2,186"
,72,최종 DEX 72% 증가,179,"6,072",-,"2,186"
,73,최종 DEX 73% 증가,182,"6,254",-,"2,186"
,74,최종 DEX 74% 증가,185,"6,439",-,"2,186"
,75,최종 DEX 75% 증가,187,"6,626",💎 215,"2,401"
,76,최종 DEX 76% 증가,190,"6,816",-,"2,401"
,77,최종 DEX 77% 증가,193,"7,009",-,"2,401"
,78,최종 DEX 78% 증가,196,"7,205",-,"2,401"
,79,최종 DEX 79% 증가,199,"7,404",-,"2,401"
,80,최종 DEX 80% 증가,202,"7,606",💎 227,"2,628"
,81,최종 DEX 81% 증가,205,"7,811",-,"2,628"
,82,최종 DEX 82% 증가,207,"8,018",-,"2,628"
,83,최종 DEX 83% 증가,210,"8,228",-,"2,628"
,84,최종 DEX 84% 증가,213,"8,441",-,"2,628"
,85,최종 DEX 85% 증가,216,"8,657",💎 241,"2,869"
,86,최종 DEX 86% 증가,219,"8,876",-,"2,869"
,87,최종 DEX 87% 증가,222,"9,098",-,"2,869"
,88,최종 DEX 88% 증가,225,"9,323",-,"2,869"
,89,최종 DEX 89% 증가,228,"9,551",-,"2,869"
,90,최종 DEX 90% 증가,231,"9,782",💎 255,"3,124"
,91,최종 DEX 91% 증가,233,"10,015",-,"3,124"
,92,최종 DEX 92% 증가,236,"10,251",-,"3,124"
,93,최종 DEX 93% 증가,239,"10,490",-,"3,124"
,94,최종 DEX 94% 증가,242,"10,732",-,"3,124"
,95,최종 DEX 95% 증가,245,"10,977",💎 270,"3,394"
,96,최종 DEX 96% 증가,248,"11,225",-,"3,394"
,97,최종 DEX 97% 증가,251,"11,476",-,"3,394"
,98,최종 DEX 98% 증가,254,"11,730",-,"3,394"
,99,최종 DEX 99% 증가,257,"11,987",-,"3,394"
,100,최종 DEX 100% 증가,260,"12,247",💎 286,"3,680"
,101,최종 DEX 101% 증가,263,"12,510",-,"3,680"
,102,최종 DEX 102% 증가,266,"12,776",-,"3,680"
,103,최종 DEX 103% 증가,269,"13,045",-,"3,680"
,104,최종 DEX 104% 증가,272,"13,317",-,"3,680"
,105,최종 DEX 105% 증가,275,"13,592",💎 304,"3,984"
,106,최종 DEX 106% 증가,278,"13,870",-,"3,984"
,107,최종 DEX 107% 증가,281,"14,151",-,"3,984"
,108,최종 DEX 108% 증가,284,"14,435",-,"3,984"
,109,최종 DEX 109% 증가,287,"14,722",-,"3,984"
,110,최종 DEX 110% 증가,289,"15,011",💎 322,"4,306"
,111,최종 DEX 111% 증가,292,"15,303",-,"4,306"
,112,최종 DEX 112% 증가,295,"15,598",-,"4,306"
,113,최종 DEX 113% 증가,298,"15,896",-,"4,306"
,114,최종 DEX 114% 증가,301,"16,197",-,"4,306"
,115,최종 DEX 115% 증가,304,"16,501",💎 342,"4,648"
,116,최종 DEX 116% 증가,307,"16,808",-,"4,648"
,117,최종 DEX 117% 증가,310,"17,118",-,"4,648"
,118,최종 DEX 118% 증가,313,"17,431",-,"4,648"
,119,최종 DEX 119% 증가,316,"17,747",-,"4,648"
,120,최종 DEX 120% 증가,319,"18,066",💎 363,"5,011"
,121,최종 DEX 121% 증가,322,"18,388",-,"5,011"
,122,최종 DEX 122% 증가,325,"18,713",-,"5,011"
,123,최종 DEX 123% 증가,328,"19,041",-,"5,011"
,124,최종 DEX 124% 증가,332,"19,373",-,"5,011"
,125,최종 DEX 125% 증가,335,"19,708",💎 386,"5,397"
,126,최종 DEX 126% 증가,338,"20,046",-,"5,397"
,127,최종 DEX 127% 증가,341,"20,387",-,"5,397"
,128,최종 DEX 128% 증가,344,"20,731",-,"5,397"
,129,최종 DEX 129% 증가,347,"21,078",-,"5,397"
,130,최종 DEX 130% 증가,350,"21,428",💎 409,"5,806"
,131,최종 DEX 131% 증가,353,"21,781",-,"5,806"
,132,최종 DEX 132% 증가,356,"22,137",-,"5,806"
,133,최종 DEX 133% 증가,359,"22,496",-,"5,806"
,134,최종 DEX 134% 증가,362,"22,858",-,"5,806"
,135,최종 DEX 135% 증가,365,"23,223",💎 435,"6,241"
,136,최종 DEX 136% 증가,368,"23,591",-,"6,241"
,137,최종 DEX 137% 증가,371,"23,962",-,"6,241"
,138,최종 DEX 138% 증가,374,"24,336",-,"6,241"
,139,최종 DEX 139% 증가,377,"24,713",-,"6,241"
,140,최종 DEX 140% 증가,380,"25,093",💎 462,"6,703"
,141,최종 DEX 141% 증가,383,"25,476",-,"6,703"
,142,최종 DEX 142% 증가,386,"25,862",-,"6,703"
,143,최종 DEX 143% 증가,389,"26,251",-,"6,703"
,144,최종 DEX 144% 증가,392,"26,643",-,"6,703"
,145,최종 DEX 145% 증가,396,"27,039",💎 490,"7,193"
,146,최종 DEX 146% 증가,399,"27,438",-,"7,193"
,147,최종 DEX 147% 증가,402,"27,840",-,"7,193"
,148,최종 DEX 148% 증가,405,"28,245",-,"7,193"
,149,최종 DEX 149% 증가,408,"28,653",-,"7,193"
,150,최종 DEX 150% 증가,411,"29,064",💎 520,"7,713"
,151,최종 DEX 151% 증가,414,"29,478",-,"7,713"
,152,최종 DEX 152% 증가,417,"29,895",-,"7,713"
,153,최종 DEX 153% 증가,420,"30,315",-,"7,713"
,154,최종 DEX 154% 증가,423,"30,738",-,"7,713"
,155,최종 DEX 155% 증가,426,"31,164",💎 552,"8,265"
,156,최종 DEX 156% 증가,430,"31,594",-,"8,265"
,157,최종 DEX 157% 증가,433,"32,027",-,"8,265"
,158,최종 DEX 158% 증가,436,"32,463",-,"8,265"
,159,최종 DEX 159% 증가,439,"32,902",-,"8,265"
,160,최종 DEX 160% 증가,442,"33,344",💎 585,"8,850"
,161,최종 DEX 161% 증가,445,"33,789",-,"8,850"
,162,최종 DEX 162% 증가,448,"34,237",-,"8,850"
,163,최종 DEX 163% 증가,451,"34,688",-,"8,850"
,164,최종 DEX 164% 증가,454,"35,142",-,"8,850"
,165,최종 DEX 165% 증가,458,"35,600",💎 620,"9,470"
,166,최종 DEX 166% 증가,461,"36,061",-,"9,470"
,167,최종 DEX 167% 증가,464,"36,525",-,"9,470"
,168,최종 DEX 168% 증가,467,"36,992",-,"9,470"
,169,최종 DEX 169% 증가,470,"37,462",-,"9,470"
,170,최종 DEX 170% 증가,473,"37,935",💎 658,"10,128"
,171,최종 DEX 171% 증가,476,"38,411",-,"10,128"
,172,최종 DEX 172% 증가,479,"38,890",-,"10,128"
,173,최종 DEX 173% 증가,483,"39,373",-,"10,128"
,174,최종 DEX 174% 증가,486,"39,859",-,"10,128"
,175,최종 DEX 175% 증가,489,"40,348",💎 697,"10,825"
,176,최종 DEX 176% 증가,492,"40,840",-,"10,825"
,177,최종 DEX 177% 증가,495,"41,335",-,"10,825"
,178,최종 DEX 178% 증가,498,"41,833",-,"10,825"
,179,최종 DEX 179% 증가,501,"42,334",-,"10,825"
,180,최종 DEX 180% 증가,505,"42,839",💎 737,"11,562"
,181,최종 DEX 181% 증가,508,"43,347",-,"11,562"
,182,최종 DEX 182% 증가,511,"43,858",-,"11,562"
,183,최종 DEX 183% 증가,514,"44,372",-,"11,562"
,184,최종 DEX 184% 증가,517,"44,889",-,"11,562"
,185,최종 DEX 185% 증가,520,"45,409",💎 780,"12,342"
,186,최종 DEX 186% 증가,524,"45,933",-,"12,342"
,187,최종 DEX 187% 증가,527,"46,460",-,"12,342"
,188,최종 DEX 188% 증가,530,"46,990",-,"12,342"
,189,최종 DEX 189% 증가,533,"47,523",-,"12,342"
,190,최종 DEX 190% 증가,536,"48,059",💎 826,"13,168"
,191,최종 DEX 191% 증가,539,"48,598",-,"13,168"
,192,최종 DEX 192% 증가,543,"49,141",-,"13,168"
,193,최종 DEX 193% 증가,546,"49,687",-,"13,168"
,194,최종 DEX 194% 증가,549,"50,236",-,"13,168"
,195,최종 DEX 195% 증가,552,"50,788",💎 873,"14,041"
,196,최종 DEX 196% 증가,555,"51,343",-,"14,041"
,197,최종 DEX 197% 증가,558,"51,901",-,"14,041"
,198,최종 DEX 198% 증가,562,"52,463",-,"14,041"
,199,최종 DEX 199% 증가,565,"53,028",-,"14,041"
,200,최종 DEX 200% 증가,568,"53,596",💎 922,"14,963"
,201,최종 DEX 201% 증가,571,"54,167",-,"14,963"
,202,최종 DEX 202% 증가,574,"54,741",-,"14,963"
,203,최종 DEX 203% 증가,578,"55,319",-,"14,963"
,204,최종 DEX 204% 증가,581,"55,900",-,"14,963"
,205,최종 DEX 205% 증가,584,"56,484",💎 974,"15,937"
,206,최종 DEX 206% 증가,587,"57,071",-,"15,937"
,207,최종 DEX 207% 증가,590,"57,661",-,"15,937"
,208,최종 DEX 208% 증가,594,"58,255",-,"15,937"
,209,최종 DEX 209% 증가,597,"58,852",-,"15,937"
,210,최종 DEX 210% 증가,600,"59,452","💎 1,028","16,965"
,211,최종 DEX 211% 증가,603,"60,055",-,"16,965"
,212,최종 DEX 212% 증가,606,"60,661",-,"16,965"
,213,최종 DEX 213% 증가,610,"61,271",-,"16,965"
,214,최종 DEX 214% 증가,613,"61,884",-,"16,965"
,215,최종 DEX 215% 증가,616,"62,500","💎 1,084","18,049"
,216,최종 DEX 216% 증가,619,"63,119",-,"18,049"
,217,최종 DEX 217% 증가,622,"63,741",-,"18,049"
,218,최종 DEX 218% 증가,626,"64,367",-,"18,049"
,219,최종 DEX 219% 증가,629,"64,996",-,"18,049"
,220,최종 DEX 220% 증가,632,"65,628","💎 1,143","19,192"
,221,최종 DEX 221% 증가,635,"66,263",-,"19,192"
,222,최종 DEX 222% 증가,639,"66,902",-,"19,192"
,223,최종 DEX 223% 증가,642,"67,544",-,"19,192"
,224,최종 DEX 224% 증가,645,"68,189",-,"19,192"
,225,최종 DEX 225% 증가,648,"68,837","💎 1,204","20,396"
,226,최종 DEX 226% 증가,651,"69,488",-,"20,396"
,227,최종 DEX 227% 증가,655,"70,143",-,"20,396"
,228,최종 DEX 228% 증가,658,"70,801",-,"20,396"
,229,최종 DEX 229% 증가,661,"71,462",-,"20,396"
,230,최종 DEX 230% 증가,664,"72,126","💎 1,268","21,664"
,231,최종 DEX 231% 증가,668,"72,794",-,"21,664"
,232,최종 DEX 232% 증가,671,"73,465",-,"21,664"
,233,최종 DEX 233% 증가,674,"74,139",-,"21,664"
,234,최종 DEX 234% 증가,677,"74,816",-,"21,664"
,235,최종 DEX 235% 증가,681,"75,497","💎 1,334","22,998"
,236,최종 DEX 236% 증가,684,"76,181",-,"22,998"
,237,최종 DEX 237% 증가,687,"76,868",-,"22,998"
,238,최종 DEX 238% 증가,690,"77,558",-,"22,998"
,239,최종 DEX 239% 증가,694,"78,252",-,"22,998"
,240,최종 DEX 240% 증가,697,"78,949","💎 1,403","24,401"
,241,최종 DEX 241% 증가,700,"79,649",-,"24,401"
,242,최종 DEX 242% 증가,703,"80,352",-,"24,401"
,243,최종 DEX 243% 증가,707,"81,059",-,"24,401"
,244,최종 DEX 244% 증가,710,"81,769",-,"24,401"
,245,최종 DEX 245% 증가,713,"82,482","💎 1,474","25,875"
,246,최종 DEX 246% 증가,716,"83,198",-,"25,875"
,247,최종 DEX 247% 증가,720,"83,918",-,"25,875"
,248,최종 DEX 248% 증가,723,"84,641",-,"25,875"
,249,최종 DEX 249% 증가,726,"85,367",-,"25,875"
,250,최종 DEX 250% 증가,729,"86,096","💎 1,549","27,424"
,251,최종 DEX 251% 증가,733,"86,829",-,"27,424"
,252,최종 DEX 252% 증가,736,"87,565",-,"27,424"
,253,최종 DEX 253% 증가,739,"88,304",-,"27,424"
,254,최종 DEX 254% 증가,743,"89,047",-,"27,424"
,255,최종 DEX 255% 증가,746,"89,793","💎 1,626","29,050"
,256,최종 DEX 256% 증가,749,"90,542",-,"29,050"
,257,최종 DEX 257% 증가,752,"91,294",-,"29,050"
,258,최종 DEX 258% 증가,756,"92,050",-,"29,050"
,259,최종 DEX 259% 증가,759,"92,809",-,"29,050"
,260,최종 DEX 260% 증가,762,"93,571","💎 1,706","30,756"
,261,최종 DEX 261% 증가,765,"94,336",-,"30,756"
,262,최종 DEX 262% 증가,769,"95,105",-,"30,756"
,263,최종 DEX 263% 증가,772,"95,877",-,"30,756"
,264,최종 DEX 264% 증가,775,"96,652",-,"30,756"
,265,최종 DEX 265% 증가,779,"97,431","💎 1,789","32,545"
,266,최종 DEX 266% 증가,782,"98,213",-,"32,545"
,267,최종 DEX 267% 증가,785,"98,998",-,"32,545"
,268,최종 DEX 268% 증가,788,"99,786",-,"32,545"
,269,최종 DEX 269% 증가,792,"100,578",-,"32,545"
,270,최종 DEX 270% 증가,795,"101,373","💎 1,875","34,420"
,271,최종 DEX 271% 증가,798,"102,171",-,"34,420"
,272,최종 DEX 272% 증가,802,"102,973",-,"34,420"
,273,최종 DEX 273% 증가,805,"103,778",-,"34,420"
,274,최종 DEX 274% 증가,808,"104,586",-,"34,420"
,275,최종 DEX 275% 증가,811,"105,397","💎 1,964","36,384"
,276,최종 DEX 276% 증가,815,"106,212",-,"36,384"
,277,최종 DEX 277% 증가,818,"107,030",-,"36,384"
,278,최종 DEX 278% 증가,821,"107,851",-,"36,384"
,279,최종 DEX 279% 증가,825,"108,676",-,"36,384"
,280,최종 DEX 280% 증가,828,"109,504","💎 2,056","38,440"
,281,최종 DEX 281% 증가,831,"110,335",-,"38,440"
,282,최종 DEX 282% 증가,835,"111,170",-,"38,440"
,283,최종 DEX 283% 증가,838,"112,008",-,"38,440"
,284,최종 DEX 284% 증가,841,"112,849",-,"38,440"
,285,최종 DEX 285% 증가,845,"113,694","💎 2,151","40,591"
,286,최종 DEX 286% 증가,848,"114,542",-,"40,591"
,287,최종 DEX 287% 증가,851,"115,393",-,"40,591"
,288,최종 DEX 288% 증가,854,"116,247",-,"40,591"
,289,최종 DEX 289% 증가,858,"117,105",-,"40,591"
,290,최종 DEX 290% 증가,861,"117,966","💎 2,249","42,840"
,291,최종 DEX 291% 증가,864,"118,830",-,"42,840"
,292,최종 DEX 292% 증가,868,"119,698",-,"42,840"
,293,최종 DEX 293% 증가,871,"120,569",-,"42,840"
,294,최종 DEX 294% 증가,874,"121,443",-,"42,840"
,295,최종 DEX 295% 증가,878,"122,321","💎 2,351","45,191"
,296,최종 DEX 296% 증가,881,"123,202",-,"45,191"
,297,최종 DEX 297% 증가,884,"124,086",-,"45,191"
,298,최종 DEX 298% 증가,888,"124,974",-,"45,191"
,299,최종 DEX 299% 증가,891,"125,865",-,"45,191"
,300,최종 DEX 300% 증가,894,"126,759",-,"45,191"
