시간의 모래시계,레벨,효과,다음 레벨 수호자의 돌,누적 수호자의 돌,해금 (Gem),누적 Gem
,0,레벨업 필요 EXP 0% 증가 환생 시 RP 획득량 0% 증가 (시간 대비 RP 효율 동일),0,0,💎 100,100
,1,레벨업 필요 EXP 10% 증가 환생 시 RP 획득량 10% 증가 (시간 대비 RP 효율 동일),3,3,,100
,2,레벨업 필요 EXP 20% 증가 환생 시 RP 획득량 20% 증가 (시간 대비 RP 효율 동일),4,7,,100
,3,레벨업 필요 EXP 30% 증가 환생 시 RP 획득량 30% 증가 (시간 대비 RP 효율 동일),6,13,,100
,4,레벨업 필요 EXP 40% 증가 환생 시 RP 획득량 40% 증가 (시간 대비 RP 효율 동일),8,21,,100
,5,레벨업 필요 EXP 50% 증가 환생 시 RP 획득량 50% 증가 (시간 대비 RP 효율 동일),13,34,💎 103,203
,6,레벨업 필요 EXP 60% 증가 환생 시 RP 획득량 60% 증가 (시간 대비 RP 효율 동일),15,49,,203
,7,레벨업 필요 EXP 70% 증가 환생 시 RP 획득량 70% 증가 (시간 대비 RP 효율 동일),19,68,,203
,8,레벨업 필요 EXP 80% 증가 환생 시 RP 획득량 80% 증가 (시간 대비 RP 효율 동일),21,89,,203
,9,레벨업 필요 EXP 90% 증가 환생 시 RP 획득량 90% 증가 (시간 대비 RP 효율 동일),26,115,,203
,10,레벨업 필요 EXP 100% 증가 환생 시 RP 획득량 100% 증가 (시간 대비 RP 효율 동일),32,147,💎 107,310
,11,레벨업 필요 EXP 110% 증가 환생 시 RP 획득량 110% 증가 (시간 대비 RP 효율 동일),35,182,,310
,12,레벨업 필요 EXP 120% 증가 환생 시 RP 획득량 120% 증가 (시간 대비 RP 효율 동일),41,223,,310
,13,레벨업 필요 EXP 130% 증가 환생 시 RP 획득량 130% 증가 (시간 대비 RP 효율 동일),46,269,,310
,14,레벨업 필요 EXP 140% 증가 환생 시 RP 획득량 140% 증가 (시간 대비 RP 효율 동일),48,317,,310
,15,레벨업 필요 EXP 150% 증가 환생 시 RP 획득량 150% 증가 (시간 대비 RP 효율 동일),52,369,💎 113,423
,16,레벨업 필요 EXP 160% 증가 환생 시 RP 획득량 160% 증가 (시간 대비 RP 효율 동일),59,428,,423
,17,레벨업 필요 EXP 170% 증가 환생 시 RP 획득량 170% 증가 (시간 대비 RP 효율 동일),65,493,,423
,18,레벨업 필요 EXP 180% 증가 환생 시 RP 획득량 180% 증가 (시간 대비 RP 효율 동일),68,561,,423
,19,레벨업 필요 EXP 190% 증가 환생 시 RP 획득량 190% 증가 (시간 대비 RP 효율 동일),74,635,,423
,20,레벨업 필요 EXP 200% 증가 환생 시 RP 획득량 200% 증가 (시간 대비 RP 효율 동일),79,714,💎 123,546
,21,레벨업 필요 EXP 210% 증가 환생 시 RP 획득량 210% 증가 (시간 대비 RP 효율 동일),81,795,,546
,22,레벨업 필요 EXP 220% 증가 환생 시 RP 획득량 220% 증가 (시간 대비 RP 효율 동일),87,882,,546
,23,레벨업 필요 EXP 230% 증가 환생 시 RP 획득량 230% 증가 (시간 대비 RP 효율 동일),92,974,,546
,24,레벨업 필요 EXP 240% 증가 환생 시 RP 획득량 240% 증가 (시간 대비 RP 효율 동일),98,"1,072",,546
,25,레벨업 필요 EXP 250% 증가 환생 시 RP 획득량 250% 증가 (시간 대비 RP 효율 동일),107,"1,179",💎 137,683
,26,레벨업 필요 EXP 260% 증가 환생 시 RP 획득량 260% 증가 (시간 대비 RP 효율 동일),112,"1,291",,683
,27,레벨업 필요 EXP 270% 증가 환생 시 RP 획득량 270% 증가 (시간 대비 RP 효율 동일),114,"1,405",,683
,28,레벨업 필요 EXP 280% 증가 환생 시 RP 획득량 280% 증가 (시간 대비 RP 효율 동일),118,"1,523",,683
,29,레벨업 필요 EXP 290% 증가 환생 시 RP 획득량 290% 증가 (시간 대비 RP 효율 동일),120,"1,643",,683
,30,레벨업 필요 EXP 300% 증가 환생 시 RP 획득량 300% 증가 (시간 대비 RP 효율 동일),125,"1,768",💎 156,839
,31,레벨업 필요 EXP 310% 증가 환생 시 RP 획득량 310% 증가 (시간 대비 RP 효율 동일),140,"1,908",,839
,32,레벨업 필요 EXP 320% 증가 환생 시 RP 획득량 320% 증가 (시간 대비 RP 효율 동일),145,"2,053",,839
,33,레벨업 필요 EXP 330% 증가 환생 시 RP 획득량 330% 증가 (시간 대비 RP 효율 동일),151,"2,204",,839
,34,레벨업 필요 EXP 340% 증가 환생 시 RP 획득량 340% 증가 (시간 대비 RP 효율 동일),153,"2,357",,839
,35,레벨업 필요 EXP 350% 증가 환생 시 RP 획득량 350% 증가 (시간 대비 RP 효율 동일),164,"2,521",💎 182,"1,021"
,36,레벨업 필요 EXP 360% 증가 환생 시 RP 획득량 360% 증가 (시간 대비 RP 효율 동일),167,"2,688",,"1,021"
,37,레벨업 필요 EXP 370% 증가 환생 시 RP 획득량 370% 증가 (시간 대비 RP 효율 동일),173,"2,861",,"1,021"
,38,레벨업 필요 EXP 380% 증가 환생 시 RP 획득량 380% 증가 (시간 대비 RP 효율 동일),180,"3,041",,"1,021"
,39,레벨업 필요 EXP 390% 증가 환생 시 RP 획득량 390% 증가 (시간 대비 RP 효율 동일),184,"3,225",,"1,021"
,40,레벨업 필요 EXP 400% 증가 환생 시 RP 획득량 400% 증가 (시간 대비 RP 효율 동일),191,"3,416",💎 215,"1,236"
,41,레벨업 필요 EXP 410% 증가 환생 시 RP 획득량 410% 증가 (시간 대비 RP 효율 동일),197,"3,613",,"1,236"
,42,레벨업 필요 EXP 420% 증가 환생 시 RP 획득량 420% 증가 (시간 대비 RP 효율 동일),200,"3,813",,"1,236"
,43,레벨업 필요 EXP 430% 증가 환생 시 RP 획득량 430% 증가 (시간 대비 RP 효율 동일),211,"4,024",,"1,236"
,44,레벨업 필요 EXP 440% 증가 환생 시 RP 획득량 440% 증가 (시간 대비 RP 효율 동일),213,"4,237",,"1,236"
,45,레벨업 필요 EXP 450% 증가 환생 시 RP 획득량 450% 증가 (시간 대비 RP 효율 동일),217,"4,454",💎 257,"1,493"
,46,레벨업 필요 EXP 460% 증가 환생 시 RP 획득량 460% 증가 (시간 대비 RP 효율 동일),219,"4,673",,"1,493"
,47,레벨업 필요 EXP 470% 증가 환생 시 RP 획득량 470% 증가 (시간 대비 RP 효율 동일),233,"4,906",,"1,493"
,48,레벨업 필요 EXP 480% 증가 환생 시 RP 획득량 480% 증가 (시간 대비 RP 효율 동일),246,"5,152",,"1,493"
,49,레벨업 필요 EXP 490% 증가 환생 시 RP 획득량 490% 증가 (시간 대비 RP 효율 동일),250,"5,402",,"1,493"
,50,레벨업 필요 EXP 500% 증가 환생 시 RP 획득량 500% 증가 (시간 대비 RP 효율 동일),252,"5,654",,"1,493"
