레벨,보스 HP,보스 HP 원본,수호자의돌
1,20억,"2,000,000,000",11개
2,28억 6000만,"2,860,000,000",12개
3,40억 8301만,"4,083,018,556",13개
4,58억 1935만,"5,819,353,767",14개
5,82억 8028만,"8,280,280,484",15개
6,117억 6226만,"11,762,266,474",16개
7,166억 8059만,"16,680,591,506",17개
8,236억 1593만,"23,615,934,346",18개
9,333억 7881만,"33,378,810,298",19개
10,470억 9853만,"47,098,533,665",20개
11,663억 4581만,"66,345,810,722",21개
12,933억 136만,"93,301,361,243",22개
13,1309억 8741만,"130,987,416,228",23개
14,1835억 8494만,"183,584,940,579",24개
15,2568억 6750만,"256,867,506,551",25개
16,3587억 9359만,"358,793,592,398",26개
17,5003억 1362만,"500,313,621,729",27개
18,6964억 6750만,"696,467,508,682",28개
19,9678억 7443만,"967,874,434,746",29개
20,1조 3427억,"1,342,751,161,688",30개
21,1조 8596억,"1,859,641,144,961",31개
22,2조 5710억,"2,571,097,669,595",32개
23,3조 5486억,"3,548,644,907,273",33개
24,4조 8894억,"4,889,447,338,732",34개
25,6조 7252억,"6,725,258,391,068",35개
26,9조 2344억,"9,234,403,763,983",36개
27,12조 6577억,"12,657,797,159,374",37개
28,17조 3203억,"17,320,303,267,667",38개
29,23조 6591억,"23,659,177,143,978",39개
30,32조 2618억,"32,261,849,080,763",40개
31,43조 9160억,"43,916,026,315,711",41개
32,59조 6759억,"59,675,994,110,041",42개
33,80조 9501억,"80,950,178,402,053",43개
34,109조 6165억,"109,616,556,011,440",44개
35,148조 1744억,"148,174,462,105,362",45개
36,199조 9438억,"199,943,869,535,781",46개
37,269조 3264억,"269,326,453,541,703",47개
38,362조 1469억,"362,146,900,365,406",48개
39,486조 982억,"486,098,210,593,565",49개
40,651조 3214억,"651,321,488,977,791",50개
41,871조 1592억,"871,159,278,144,109",51개
42,1163조 1323억,"1,163,132,351,674,676",52개
43,1550조 2036억,"1,550,203,612,623,734",53개
44,2062조 4100억,"2,062,410,064,011,266",54개
45,2738조 9656억,"2,738,965,612,844,653",55개
46,3630조 9648억,"3,630,964,826,347,361",56개
47,4804조 8520억,"4,804,852,011,442,755",57개
48,6346조 8627억,"6,346,862,765,218,146",58개
49,8368조 6984억,"8,368,698,429,602,071",59개
50,1경 1014조,"11,014,760,087,704,086",60개
51,1경 4471조,"14,471,350,779,144,418",61개
52,1경 8978조,"18,978,356,006,339,808",62개
53,2경 4844조,"24,844,037,584,381,740",63개
54,3경 2463조,"32,463,729,523,921,500",64개
55,4경 2343조,"42,343,412,983,160,296",65개
56,5경 5129조,"55,129,377,583,951,688",66개
57,7경 1645조,"71,645,457,095,185,048",67개
58,9경 2939조,"92,939,668,724,609,632",68개
59,12경 342조,"120,342,498,884,649,152",69개
60,15경 5539조,"155,539,578,197,613,024",70개
61,20경 662조,"200,662,090,882,982,400",71개
62,25경 8398조,"258,398,987,342,199,296",72개
63,33경 2135조,"332,135,935,482,736,192",73개
64,42경 6126조,"426,126,981,142,541,376",74개
65,54경 5706조,"545,706,119,562,128,704",75개
66,69경 7547조,"697,547,440,871,219,968",76개
67,88경 9984조,"889,984,240,022,909,184",77개
68,113경 3399조,"1,133,399,517,216,803,712",78개
69,144경 702조,"1,440,702,685,286,926,592",79개
70,182경 7910조,"1,827,910,097,714,041,856",80개
71,231경 4850조,"2,314,850,272,197,864,960",81개
72,292경 6018조,"2,926,018,472,929,692,672",82개
73,369경 1609조,"3,691,609,698,114,801,664",83개
74,464경 8764조,"4,648,764,171,388,897,280",84개
75,584경 3065조,"5,843,065,234,801,385,472",85개
76,733경 336조,"7,330,336,169,309,078,528",86개
77,917경 8790조,"9,178,790,011,590,521,856",87개
78,1147경 1594조,"11,471,594,980,465,143,808",88개
79,1430경 9927조,"14,309,927,759,136,931,840",89개
80,1781경 6597조,"17,816,597,685,267,701,760",90개
81,2214경 336조,"22,140,336,958,579,056,640",91개
82,2746경 865조,"27,460,865,355,532,435,456",92개
83,3399경 4852조,"33,994,852,699,920,977,920",93개
84,4200경 2918조,"42,002,918,516,345,667,584",94개
85,5179경 7825조,"51,797,825,906,446,065,664",95개
86,6375경 4045조,"63,754,045,721,346,342,912",96개
87,7831경 8887조,"78,318,887,506,759,073,792",97개
88,9602경 5415조,"96,025,415,372,977,913,856",98개
89,1해 1750경,"117,507,389,739,922,440,192",99개
90,1해 4351경,"143,516,499,613,284,646,912",100개
91,1해 7494경,"174,942,174,373,966,774,272",101개
92,2해 1283경,"212,834,288,637,853,794,304",102개
93,2해 5842경,"258,429,098,100,684,718,080",103개
94,3해 1317경,"313,178,767,852,943,179,776",104개
95,3해 7878경,"378,784,876,747,497,865,216",105개
96,4해 5723경,"457,236,301,220,252,811,264",106개
97,5해 5085경,"550,851,898,562,873,655,296",107개
98,6해 6232경,"662,328,421,952,453,083,136",108개
99,7해 9479경,"794,794,106,342,943,621,120",109개
100,9해 5375경,"953,752,927,611,532,345,344",110개
101,11해 4450경,"1,144,503,513,133,838,814,413",111개
102,13해 7340경,"1,373,404,215,760,606,577,296",112개
103,16해 4808경,"1,648,085,058,912,727,892,755",113개
104,19해 7770경,"1,977,702,070,695,273,471,306",114개
105,23해 7324경,"2,373,242,484,834,328,165,567",115개
106,28해 4789경,"2,847,890,981,801,193,798,680",116개
107,34해 1746경,"3,417,469,178,161,432,558,416",117개
108,41해 96경,"4,100,963,013,793,719,070,099",118개
109,49해 2115경,"4,921,155,616,552,462,884,119",119개
110,59해 538경,"5,905,386,739,862,955,460,943",120개
111,70해 8646경,"7,086,464,087,835,546,553,132",121개
112,85해 375경,"8,503,756,905,402,655,863,758",122개
113,102해 450경,"10,204,508,286,483,187,036,510",123개
114,122해 4540경,"12,245,409,943,779,824,443,812",124개
115,146해 9449경,"14,694,491,932,535,789,332,574",125개
116,176해 3339경,"17,633,390,319,042,947,199,089",126개
117,211해 6006경,"21,160,068,382,851,536,638,907",127개
118,253해 9208경,"25,392,082,059,421,843,966,688",128개
119,304해 7049경,"30,470,498,471,306,212,760,026",129개
120,365해 6459경,"36,564,598,165,567,455,312,031",130개
121,438해 7751경,"43,877,517,798,680,946,374,437",131개
122,526해 5302경,"52,653,021,358,417,135,649,324",132개
123,631해 8362경,"63,183,625,630,100,562,779,189",133개
124,758해 2035경,"75,820,350,756,120,675,335,027",134개
125,909해 8442경,"90,984,420,907,344,810,402,032",135개
126,1091해 8130경,"109,181,305,088,813,772,482,438",136개
127,1310해 1756경,"131,017,566,106,576,526,978,926",137개
128,1572해 2107경,"157,221,079,327,891,832,374,711",138개
129,1886해 6529경,"188,665,295,193,470,198,849,653",139개
130,2263해 9835경,"226,398,354,232,164,238,619,584",140개
131,2716해 7802경,"271,678,025,078,597,086,343,501",141개
132,3260해 1363경,"326,013,630,094,316,503,612,201",142개
133,3912해 1635경,"391,216,356,113,179,804,334,641",143개
134,4694해 5962경,"469,459,627,335,815,765,201,569",144개
135,5633해 5155경,"563,351,552,802,978,918,241,883",145개
136,6760해 2186경,"676,021,863,363,574,701,890,260",146개
137,8112해 2623경,"811,226,236,036,289,642,268,312",147개
138,9734해 7148경,"973,471,483,243,547,570,721,974",148개
139,1자 1681해,"1,168,165,779,892,257,084,866,369",149개
140,1자 4017해,"1,401,798,935,870,708,501,839,643",150개
141,1자 6821해,"1,682,158,723,044,850,202,207,572",151개
142,2자 185해,"2,018,590,467,653,820,242,649,086",152개
143,2자 4223해,"2,422,308,561,184,584,291,178,903",153개
144,2자 9067해,"2,906,770,273,421,501,149,414,684",154개
145,3자 4881해,"3,488,124,328,105,801,379,297,621",155개
146,4자 1857해,"4,185,749,193,726,961,655,157,145",156개
147,5자 228해,"5,022,899,032,472,353,986,188,574",157개
148,6자 274해,"6,027,478,838,966,824,783,426,289",158개
149,7자 2329해,"7,232,974,606,760,189,740,111,547",159개
150,8자 6795해,"8,679,569,528,112,227,688,133,856",160개
