레벨,환포,누적경험치,환포,환포/경치
30,2 ,"548,637",2,0.0000036454 
31,3 ,"644,337",3,0.0000046559 
32,3 ,"752,817",3,0.0000039850 
33,4 ,"875,577",4,0.0000045684 
34,6 ,"1,014,243",6,0.0000059157 
35,7 ,"1,169,783",7,0.0000059840 
36,9 ,"1,343,999",9,0.0000066964 
37,10 ,"1,538,831",10,0.0000064984 
38,12 ,"1,755,431",12,0.0000068359 
39,13 ,"1,995,931",13,0.0000065133 
40,15 ,"2,262,613",15,0.0000066295 
41,16 ,"2,556,829",16,0.0000062578 
42,18 ,"2,881,069",18,0.0000062477 
43,19 ,"3,237,985",19,0.0000058678 
44,21 ,"3,629,145",21,0.0000057865 
45,22 ,"4,057,425",22,0.0000054222 
46,24 ,"4,525,875",24,0.0000053028 
47,25 ,"5,036,295",25,0.0000049640 
48,27 ,"5,591,975",27,0.0000048283 
49,28 ,"6,196,391",28,0.0000045188 
50,31 ,"6,851,591",31,0.0000045245 
51,34 ,"7,561,307",34,0.0000044966 
52,37 ,"8,309,915",37,0.0000044525 
53,40 ,"9,099,546",40,0.0000043958 
54,43 ,"9,932,448",43,0.0000043292 
55,46 ,"10,810,993",46,0.0000042549 
56,49 ,"11,737,682",49,0.0000041746 
57,52 ,"12,715,153",52,0.0000040896 
58,55 ,"13,746,189",55,0.0000040011 
59,58 ,"14,833,725",58,0.0000039100 
60,63 ,"15,980,857",63,0.0000039422 
61,68 ,"17,190,851",68,0.0000039556 
62,73 ,"18,467,152",73,0.0000039530 
63,78 ,"19,813,394",78,0.0000039367 
64,83 ,"21,233,410",83,0.0000039089 
65,88 ,"22,731,242",88,0.0000038713 
66,93 ,"24,311,155",93,0.0000038254 
67,98 ,"25,977,647",98,0.0000037725 
68,103 ,"27,735,462",103,0.0000037137 
69,108 ,"29,589,605",108,0.0000036499 
70,116 ,"31,545,355",116,0.0000036772 
71,124 ,"33,608,280",124,0.0000036896 
72,132 ,"35,784,253",132,0.0000036888 
73,140 ,"38,079,469",140,0.0000036765 
74,148 ,"40,500,462",148,0.0000036543 
75,156 ,"43,054,125",156,0.0000036233 
76,164 ,"45,747,728",164,0.0000035849 
77,172 ,"48,588,940",172,0.0000035399 
78,180 ,"51,585,850",180,0.0000034893 
79,188 ,"54,746,990",188,0.0000034340 
80,200 ,"58,081,360",200,0.0000034434 
81,212 ,"61,598,453",212,0.0000034416 
82,224 ,"65,308,282",224,0.0000034299 
83,236 ,"69,221,409",236,0.0000034093 
84,248 ,"73,348,975",248,0.0000033811 
85,260 ,"77,702,731",260,0.0000033461 
86,272 ,"82,295,072",272,0.0000033052 
87,284 ,"87,139,073",284,0.0000032592 
88,296 ,"92,248,525",296,0.0000032087 
89,308 ,"97,637,974",308,0.0000031545 
90,324 ,"103,322,764",324,0.0000031358 
91,340 ,"109,319,080",340,0.0000031102 
92,356 ,"115,643,994",356,0.0000030784 
93,372 ,"122,315,513",372,0.0000030413 
94,388 ,"129,352,631",388,0.0000029996 
95,404 ,"136,775,383",404,0.0000029537 
96,420 ,"144,604,901",420,0.0000029045 
97,436 ,"152,863,476",436,0.0000028522 
98,452 ,"161,574,620",452,0.0000027975 
99,468 ,"170,763,134",468,0.0000027406 
100,488 ,"180,455,178",488,0.0000027043 
101,508 ,"190,678,346",508,0.0000026642 
102,528 ,"201,461,743",528,0.0000026208 
103,548 ,"212,836,070",548,0.0000025748 
104,568 ,"224,833,710",568,0.0000025263 
105,588 ,"237,488,820",588,0.0000024759 
106,608 ,"250,837,430",608,0.0000024239 
107,628 ,"264,917,543",628,0.0000023705 
108,648 ,"279,769,246",648,0.0000023162 
109,668 ,"295,434,822",668,0.0000022611 
110,693 ,"311,958,871",693,0.0000022214 
111,718 ,"329,388,437",718,0.0000021798 
112,743 ,"347,773,143",743,0.0000021365 
113,768 ,"367,165,330",768,0.0000020917 
114,793 ,"387,620,208",793,0.0000020458 
115,818 ,"409,196,013",818,0.0000019990 
116,843 ,"431,954,172",843,0.0000019516 
117,868 ,"455,959,478",868,0.0000019037 
118,893 ,"481,280,274",893,0.0000018555 
119,918 ,"507,988,649",918,0.0000018071 
120,948 ,"536,160,642",948,0.0000017681 
121,"1,010 ","565,876,460","1,010",0.0000017848 
122,"1,070 ","597,220,704","1,070",0.0000017916 
123,"1,130 ","630,282,612","1,130",0.0000017928 
124,"1,190 ","665,156,312","1,190",0.0000017891 
125,"1,250 ","701,941,090","1,250",0.0000017808 
126,"1,310 ","740,741,673","1,310",0.0000017685 
127,"1,370 ","781,668,527","1,370",0.0000017527 
128,"1,430 ","824,838,172","1,430",0.0000017337 
129,"1,490 ","870,373,513","1,490",0.0000017119 
130,"1,550 ","918,404,190","1,550",0.0000016877 
131,"1,650 ","969,066,948","1,650",0.0000017027 
132,"1,750 ","1,022,506,025","1,750",0.0000017115 
133,"1,850 ","1,078,873,563","1,850",0.0000017148 
134,"1,950 ","1,138,330,042","1,950",0.0000017130 
135,"2,050 ","1,201,044,736","2,050",0.0000017068 
136,"2,150 ","1,267,196,195","2,150",0.0000016967 
137,"2,250 ","1,336,972,753","2,250",0.0000016829 
138,"2,350 ","1,410,573,066","2,350",0.0000016660 
139,"2,450 ","1,488,206,676","2,450",0.0000016463 
140,"2,550 ","1,570,094,607","2,550",0.0000016241 
141,"2,720 ","1,656,469,996","2,720",0.0000016420 
142,"2,890 ","1,747,578,756","2,890",0.0000016537 
143,"3,060 ","1,843,680,276","3,060",0.0000016597 
144,"3,230 ","1,945,048,159","3,230",0.0000016606 
145,"3,400 ","2,051,971,001","3,400",0.0000016569 
146,"3,570 ","2,164,753,214","3,570",0.0000016491 
147,"3,740 ","2,283,715,892","3,740",0.0000016377 
148,"3,910 ","2,409,197,724","3,910",0.0000016229 
149,"4,080 ","2,541,555,960","4,080",0.0000016053 
150,"4,250 ","2,681,167,427","4,250",0.0000015851 
151,"4,530 ","2,828,429,602","4,530",0.0000016016 
152,"4,810 ","2,983,761,744","4,810",0.0000016121 
153,"5,090 ","3,147,606,087","5,090",0.0000016171 
154,"5,370 ","3,320,429,099","5,370",0.0000016173 
155,"5,650 ","3,502,722,812","5,650",0.0000016130 
156,"5,930 ","3,695,006,220","5,930",0.0000016049 
157,"6,210 ","3,897,826,758","6,210",0.0000015932 
158,"6,490 ","4,111,761,861","6,490",0.0000015784 
159,"6,770 ","4,337,420,607","6,770",0.0000015608 
160,"7,050 ","4,575,445,452","7,050",0.0000015408 
161,"7,550 ","4,826,514,058","7,550",0.0000015643 
162,"8,050 ","5,091,341,223","8,050",0.0000015811 
163,"8,550 ","5,370,680,916","8,550",0.0000015920 
164,"9,050 ","5,665,328,424","9,050",0.0000015974 
165,"9,550 ","5,976,122,615","9,550",0.0000015980 
166,"10,050 ","6,303,948,327","10,050",0.0000015942 
167,"10,550 ","6,649,738,888","10,550",0.0000015865 
168,"11,050 ","7,014,478,771","11,050",0.0000015753 
169,"11,550 ","7,399,206,399","11,550",0.0000015610 
170,"12,050 ","7,805,017,101","12,050",0.0000015439 
171,"12,850 ","8,233,066,229","12,850",0.0000015608 
172,"13,650 ","8,684,572,449","13,650",0.0000015718 
173,"14,450 ","9,160,821,209","14,450",0.0000015774 
174,"15,250 ","9,663,168,401","15,250",0.0000015782 
175,"16,050 ","10,193,044,219","16,050",0.0000015746 
176,"16,850 ","10,751,957,231","16,850",0.0000015672 
177,"17,650 ","11,341,498,676","17,650",0.0000015562 
178,"18,450 ","11,963,346,992","18,450",0.0000015422 
179,"19,250 ","12,619,272,595","19,250",0.0000015254 
180,"20,050 ","13,311,142,921","20,050",0.0000015063 
181,"21,250 ","14,040,927,740","21,250",0.0000015134 
182,"22,450 ","14,810,704,767","22,450",0.0000015158 
183,"23,650 ","15,622,665,575","23,650",0.0000015138 
184,"24,850 ","16,479,121,835","24,850",0.0000015080 
185,"26,050 ","17,382,511,898","26,050",0.0000014986 
186,"27,250 ","18,335,407,736","27,250",0.0000014862 
187,"28,450 ","19,340,522,265","28,450",0.0000014710 
188,"29,650 ","20,400,717,070","29,650",0.0000014534 
189,"30,850 ","21,519,010,550","30,850",0.0000014336 
190,"32,050 ","22,698,586,512","32,050",0.0000014120 
191,"33,850 ","23,942,803,236","33,850",0.0000014138 
192,"35,650 ","25,255,203,036","35,650",0.0000014116 
193,"37,450 ","26,639,522,345","37,450",0.0000014058 
194,"39,250 ","28,099,702,352","39,250",0.0000013968 
195,"41,050 ","29,639,900,223","41,050",0.0000013850 
196,"42,850 ","31,264,500,937","42,850",0.0000013706 
197,"44,650 ","32,978,129,770","44,650",0.0000013539 
198,"46,450 ","34,785,665,463","46,450",0.0000013353 
199,"48,250 ","36,692,254,111","48,250",0.0000013150 
200,"50,050 ","38,703,323,816","50,050",0.0000012932 
201,"52,550 ","40,824,600,140","52,550",0.0000012872 
202,"55,300 ","43,062,114,198","55,300",0.0000012842 
203,"58,300 ","45,421,305,919","58,300",0.0000012835 
204,"61,550 ","47,907,836,844","61,550",0.0000012848 
205,"65,050 ","50,527,602,921","65,050",0.0000012874 
206,"68,800 ","53,286,749,320","68,800",0.0000012911 
207,"72,800 ","56,191,686,186","72,800",0.0000012956 
208,"77,050 ","59,249,103,137","77,050",0.0000013004 
209,"81,550 ","62,465,985,058","81,550",0.0000013055 
210,"86,300 ","65,849,627,765","86,300",0.0000013106 
211,"91,550 ","69,407,623,776","91,550",0.0000013190 
212,"97,300 ","73,147,878,540","97,300",0.0000013302 
213,"103,550 ","77,078,626,306","103,550",0.0000013434 
214,"110,300 ","81,208,446,704","110,300",0.0000013582 
215,"117,550 ","85,546,281,650","117,550",0.0000013741 
216,"125,300 ","90,101,451,629","125,300",0.0000013907 
217,"133,550 ","94,883,672,247","133,550",0.0000014075 
218,"142,300 ","99,903,071,893","142,300",0.0000014244 
219,"151,550 ","105,170,207,709","151,550",0.0000014410 
220,"161,300 ","110,696,083,580","161,300",0.0000014571 
221,"172,050 ","116,492,168,339","172,050",0.0000014769 
222,"183,800 ","122,570,413,720","183,800",0.0000014995 
223,"196,550 ","128,943,272,586","196,550",0.0000015243 
224,"210,300 ","135,623,717,401","210,300",0.0000015506 
225,"225,050 ","142,625,258,658","225,050",0.0000015779 
226,"240,800 ","149,961,965,343","240,800",0.0000016057 
227,"257,550 ","157,648,483,768","257,550",0.0000016337 
228,"275,300 ","165,700,057,389","275,300",0.0000016614 
229,"294,050 ","174,132,547,043","294,050",0.0000016887 
230,"313,800 ","182,962,451,711","313,800",0.0000017151 
231,"335,300 ","192,206,928,399","335,300",0.0000017445 
232,"358,550 ","201,883,812,277","358,550",0.0000017760 
233,"383,550 ","212,011,637,808","383,550",0.0000018091 
234,"410,300 ","222,609,558,293","410,300",0.0000018431 
235,"438,800 ","233,697,367,284","438,800",0.0000018776 
236,"469,050 ","245,295,517,178","469,050",0.0000019122 
237,"501,050 ","257,425,140,061","501,050",0.0000019464 
238,"534,800 ","270,108,066,684","534,800",0.0000019799 
239,"570,300 ","283,366,856,335","570,300",0.0000020126 
240,"607,550 ","297,225,826,290","607,550",0.0000020441 
241,"647,800 ","311,710,080,343","647,800",0.0000020782 
242,"691,300 ","326,845,537,764","691,300",0.0000021151 
243,"738,300 ","342,658,961,341","738,300",0.0000021546 
244,"788,800 ","359,177,984,832","788,800",0.0000021961 
245,"842,800 ","376,431,141,493","842,800",0.0000022389 
246,"900,300 ","394,447,890,753","900,300",0.0000022824 
247,"961,300 ","413,258,645,794","961,300",0.0000023261 
248,"1,025,800 ","432,894,801,892","1,025,800",0.0000023696 
249,"1,093,800 ","453,388,765,178","1,093,800",0.0000024125 
250,"1,165,300 ","474,773,989,565","1,165,300",0.0000024544 
251,"1,265,300 ","497,085,025,792","1,265,300",0.0000025454 
252,"1,365,300 ","520,357,913,903","1,365,300",0.0000026238 
253,"1,465,300 ","544,629,701,699","1,465,300",0.0000026905 
254,"1,565,300 ","569,939,031,824","1,565,300",0.0000027464 
255,"1,665,300 ","596,326,176,504","1,665,300",0.0000027926 
256,"1,765,300 ","623,833,082,373","1,765,300",0.0000028298 
257,"1,865,300 ","652,503,415,556","1,865,300",0.0000028587 
258,"1,965,300 ","682,382,616,437","1,965,300",0.0000028801 
259,"2,065,300 ","713,517,954,657","2,065,300",0.0000028945 
260,"2,165,300 ","745,958,585,708","2,165,300",0.0000029027 
261,"2,300,300 ","779,755,607,049","2,300,300",0.0000029500 
262,"2,435,300 ","814,962,114,848","2,435,300",0.0000029882 
263,"2,570,300 ","851,633,264,315","2,570,300",0.0000030181 
264,"2,705,300 ","889,826,329,551","2,705,300",0.0000030403 
265,"2,840,300 ","929,600,766,146","2,840,300",0.0000030554 
266,"2,975,300 ","971,018,271,597","2,975,300",0.0000030641 
267,"3,110,300 ","1,014,142,847,468","3,110,300",0.0000030669 
268,"3,245,300 ","1,059,040,863,256","3,245,300",0.0000030644 
269,"3,380,300 ","1,105,781,119,832","3,380,300",0.0000030569 
270,"3,515,300 ","1,154,434,910,859","3,515,300",0.0000030450 
271,"3,685,300 ","1,205,076,086,740","3,685,300",0.0000030581 
272,"3,855,300 ","1,257,781,118,915","3,855,300",0.0000030652 
273,"4,025,300 ","1,312,629,167,061","4,025,300",0.0000030666 
274,"4,195,300 ","1,369,702,143,494","4,195,300",0.0000030629 
275,"4,365,300 ","1,429,084,785,886","4,365,300",0.0000030546 
276,"4,535,300 ","1,490,865,722,578","4,535,300",0.0000030421 
277,"4,705,300 ","1,555,137,538,063","4,705,300",0.0000030256 
278,"4,875,300 ","1,621,996,849,646","4,875,300",0.0000030057 
279,"5,045,300 ","1,691,544,373,517","5,045,300",0.0000029827 
280,"5,215,300 ","1,763,885,001,966","5,215,300",0.0000029567 
281,"5,425,300 ","1,839,127,870,661","5,425,300",0.0000029499 
282,"5,635,300 ","1,917,386,434,440","5,635,300",0.0000029391 
283,"5,845,300 ","1,998,777,534,091","5,845,300",0.0000029244 
284,"6,055,300 ","2,083,422,472,880","6,055,300",0.0000029064 
285,"6,265,300 ","2,171,447,092,563","6,265,300",0.0000028853 
286,"6,475,300 ","2,262,981,850,540","6,475,300",0.0000028614 
287,"6,685,300 ","2,358,161,894,976","6,685,300",0.0000028350 
288,"6,895,300 ","2,457,127,149,612","6,895,300",0.0000028062 
289,"7,105,300 ","2,560,022,387,943","7,105,300",0.0000027755 
290,"7,315,300 ","2,666,997,313,015","7,315,300",0.0000027429 
291,"7,584,300 ","2,778,206,632,466","7,584,300",0.0000027299 
292,"7,853,300 ","2,893,810,129,225","7,853,300",0.0000027138 
293,"8,122,300 ","3,013,972,732,880","8,122,300",0.0000026949 
294,"8,391,300 ","3,138,865,591,811","8,391,300",0.0000026734 
295,"8,660,300 ","3,268,665,245,139","8,660,300",0.0000026495 
296,"8,929,300 ","3,403,554,691,933","8,929,300",0.0000026235 
297,"9,198,300 ","3,543,723,459,301","9,198,300",0.0000025957 
298,"9,467,300 ","3,689,367,677,933","9,467,300",0.0000025661 
299,"9,736,300 ","3,840,690,154,736","9,736,300",0.0000025350 
300,"10,005,300 ","3,997,900,444,204","10,005,300",0.0000025026 
301,"11,790,347","4,161,214,913,625","11,790,347",0.0000028334 
302,"12,273,603","4,333,511,678,864","12,273,603",0.0000028323 
303,"12,782,477","4,515,384,726,391","12,782,477",0.0000028309 
304,"13,318,534","4,707,260,791,528","13,318,534",0.0000028294 
305,"13,888,444","4,909,690,020,248","13,888,444",0.0000028288 
306,"14,491,941","5,123,232,866,547","14,491,941",0.0000028287 
307,"15,118,859","5,348,460,569,252","15,118,859",0.0000028268 
308,"15,784,038","5,585,975,795,606","15,784,038",0.0000028257 
309,"16,486,471","5,836,414,359,410","16,486,471",0.0000028248 
310,"17,228,950","6,100,627,044,043","17,228,950",0.0000028241 
311,"18,013,488","6,379,311,426,231","18,013,488",0.0000028237 
312,"18,828,382","6,673,343,449,439","18,828,382",0.0000028214 
313,"19,700,007","6,983,647,233,923","19,700,007",0.0000028209 
314,"20,618,456","7,311,197,726,254","20,618,456",0.0000028201 
315,"21,584,849","7,657,023,495,663","21,584,849",0.0000028190 
316,"22,605,403","8,022,119,682,360","22,605,403",0.0000028179 
317,"23,680,898","8,407,246,159,325","23,680,898",0.0000028167 
318,"24,812,330","8,813,204,592,523","24,812,330",0.0000028154 
319,"26,010,909","9,240,840,739,547","26,010,909",0.0000028148 
320,"27,274,122","9,691,046,854,657","27,274,122",0.0000028144 
321,"28,594,303","10,164,764,306,098","28,594,303",0.0000028131 
322,"29,985,028","10,662,986,217,368","29,985,028",0.0000028121 
323,"31,449,952","11,186,760,333,758","31,449,952",0.0000028114 
324,"32,992,820","11,737,192,026,539","32,992,820",0.0000028110 
325,"34,610,432","12,315,447,462,403","34,610,432",0.0000028103 
326,"36,306,662","12,922,756,947,239","36,306,662",0.0000028095 
327,"38,085,461","13,560,418,453,741","38,085,461",0.0000028086 
328,"39,950,864","14,229,801,343,101","39,950,864",0.0000028075 
329,"41,908,001","14,932,348,791,195","41,908,001",0.0000028065 
330,"43,963,307","15,669,581,348,454","43,963,307",0.0000028056 
331,"46,114,220","16,443,100,695,241","46,114,220",0.0000028045 
332,"48,385,471","17,254,593,605,100","48,385,471",0.0000028042 
333,"50,757,945","18,105,835,620,598","50,757,945",0.0000028034 
334,"53,243,703","18,998,695,946,948","53,243,703",0.0000028025 
335,"55,846,033","19,935,142,591,247","55,846,033",0.0000028014 
336,"58,580,362","20,917,247,801,082","58,580,362",0.0000028006 
337,"61,451,466","21,947,193,697,454","61,451,466",0.0000028000 
338,"64,465,388","23,027,276,625,526","64,465,388",0.0000027995 
339,"67,628,468","24,159,914,114,022","67,628,468",0.0000027992 
340,"70,929,350","25,347,650,933,664","70,929,350",0.0000027983 
341,"74,400,012","26,593,166,316,374","74,400,012",0.0000027977 
342,"78,032,706","27,899,280,043,450","78,032,706",0.0000027969 
343,"81,847,078","29,268,960,021,535","81,847,078",0.0000027964 
344,"85,843,112","30,705,329,998,454","85,843,112",0.0000027957 
345,"90,024,338","32,211,678,724,111","90,024,338",0.0000027948 
346,"94,406,720","33,791,469,686,679","94,406,720",0.0000027938 
347,"99,006,771","35,448,350,147,206","99,006,771",0.0000027930 
348,"103,841,626","37,186,159,032,461","103,841,626",0.0000027925 
349,"108,929,109","39,008,936,402,354","108,929,109",0.0000027924 
350,"114,226,692","40,920,932,495,731","114,226,692",0.0000027914 
351,"120,074,869","42,926,828,373,982","120,074,869",0.0000027972 
352,"126,196,149","45,030,411,891,102","126,196,149",0.0000028025 
353,"132,624,498","47,236,418,943,776","132,624,498",0.0000028077 
354,"139,374,225","49,549,878,278,840","139,374,225",0.0000028128 
355,"146,416,361","51,976,127,081,779","146,416,361",0.0000028170 
356,"153,825,867","54,520,826,865,101","153,825,867",0.0000028214 
357,"161,601,515","57,189,980,385,822","161,601,515",0.0000028257 
358,"169,742,879","59,989,949,118,090","169,742,879",0.0000028295 
359,"178,259,393","62,927,471,303,664","178,259,393",0.0000028328 
360,"187,248,430","66,009,680,570,782","187,248,430",0.0000028367 
361,"196,629,299","69,244,125,155,771","196,629,299",0.0000028397 
362,"206,561,288","72,638,788,762,269","206,561,288",0.0000028437 
363,"216,923,582","76,202,112,158,483","216,923,582",0.0000028467 
364,"227,763,292","79,943,015,572,128","227,763,292",0.0000028491 
365,"239,156,976","83,870,921,889,162","239,156,976",0.0000028515 
366,"251,131,063","87,995,780,902,782","251,131,063",0.0000028539 
367,"263,784,952","92,328,095,571,408","263,784,952",0.0000028570 
368,"277,030,007","96,878,949,415,970","277,030,007",0.0000028595 
369,"290,932,568","101,660,035,175,518","290,932,568",0.0000028618 
370,"305,517,605","106,683,684,868,960","305,517,605",0.0000028638 
371,"320,893,867","111,962,901,361,645","320,893,867",0.0000028661 
372,"337,024,067","117,511,391,586,915","337,024,067",0.0000028680 
373,"353,984,969","123,343,601,497,078","353,984,969",0.0000028699 
374,"371,808,378","129,474,752,834,197","371,808,378",0.0000028717 
375,"390,479,990","135,920,881,810,390","390,479,990",0.0000028728 
376,"410,131,523","142,698,880,681,082","410,131,523",0.0000028741 
377,"430,778,753","149,826,541,342,100","430,778,753",0.0000028752 
378,"452,560,527","157,322,600,954,991","452,560,527",0.0000028766 
379,"475,525,644","165,206,789,673,514","475,525,644",0.0000028784 
380,"499,620,676","173,499,880,661,299","499,620,676",0.0000028797 
381,"524,980,161","182,223,743,373,716","524,980,161",0.0000028810 
382,"551,643,481","191,401,399,474,642","551,643,481",0.0000028821 
383,"579,649,905","201,057,082,296,413","579,649,905",0.0000028830 
384,"609,125,642","211,216,299,107,166","609,125,642",0.0000028839 
385,"640,108,363","221,905,896,658,219","640,108,363",0.0000028846 
386,"672,788,478","233,154,130,406,543","672,788,478",0.0000028856 
387,"707,288,291","244,990,737,233,585","707,288,291",0.0000028870 
388,"743,623,052","257,447,011,939,834","743,623,052",0.0000028885 
389,"781,350,872","270,555,887,719,509","781,350,872",0.0000028879 
390,"821,188,075","284,352,020,418,264","821,188,075",0.0000028879 
391,"863,166,925","298,871,876,488,854","863,166,925",0.0000028881 
392,"907,459,723","314,153,825,077,961","907,459,723",0.0000028886 
393,"954,061,777","330,238,233,961,383","954,061,777",0.0000028890 
394,"1,003,180,389","347,167,569,891,598","1,003,180,389",0.0000028896 
395,"1,054,613,442","364,986,502,931,851","1,054,613,442",0.0000028895 
396,"1,108,977,687","383,742,015,554,948","1,108,977,687",0.0000028899 
397,"1,166,276,974","403,483,517,075,187","1,166,276,974",0.0000028905 
398,"1,226,587,103","424,262,964,869,453","1,226,587,103",0.0000028911 
399,"1,289,809,058","446,134,991,155,360","1,289,809,058",0.0000028911 
400,"1,356,275,385","469,157,035,668,165","1,356,275,385",0.0000028909 
401,"1,422,847,564 ","493,389,485,550,451","1,422,847,564",0.0000028838 
402,"1,492,905,497 ","518,895,978,988,551","1,492,905,497",0.0000028771 
403,"1,566,631,643 ","545,743,500,005,451","1,566,631,643",0.0000028706 
404,"1,644,218,017 ","574,002,554,371,551","1,644,218,017",0.0000028645 
405,"1,725,866,682 ","603,747,354,763,451","1,725,866,682",0.0000028586 
406,"1,811,790,278 ","635,056,015,658,251","1,811,790,278",0.0000028530 
407,"1,902,212,577 ","668,010,758,474,151","1,902,212,577",0.0000028476 
408,"1,997,369,061 ","702,698,127,496,651","1,997,369,061",0.0000028424 
409,"2,097,507,542 ","739,209,217,157,651","2,097,507,542",0.0000028375 
410,"2,202,888,799 ","777,639,911,263,351","2,202,888,799",0.0000028328 
411,"2,313,787,266 ","818,091,134,799,951","2,313,787,266",0.0000028283 
412,"2,430,491,738 ","860,669,118,978,651","2,430,491,738",0.0000028240 
413,"2,553,306,128 ","905,485,680,215,251","2,553,306,128",0.0000028198 
414,"2,682,550,257 ","952,658,513,777,351","2,682,550,257",0.0000028159 
415,"2,818,560,687 ","1,002,311,502,870,650","2,818,560,687",0.0000028121 
416,"2,961,691,595 ","1,054,575,043,975,350","2,961,691,595",0.0000028084 
417,"3,112,315,699 ","1,109,586,389,287,650","3,112,315,699",0.0000028049 
418,"3,270,825,225 ","1,167,490,007,165,550","3,270,825,225",0.0000028016 
419,"3,437,632,930 ","1,228,437,961,525,150","3,437,632,930",0.0000027984 
420,"3,613,173,176 ","1,292,590,311,183,950","3,613,173,176",0.0000027953 
421,"3,797,903,061 ","1,360,115,530,200,550","3,797,903,061",0.0000027923 
422,"3,992,303,607 ","1,431,190,950,313,750","3,992,303,607",0.0000027895 
423,"4,196,881,017 ","1,506,003,226,642,950","4,196,881,017",0.0000027868 
424,"4,412,167,990 ","1,584,748,827,873,850","4,412,167,990",0.0000027841 
425,"4,638,725,106 ","1,667,634,552,215,950","4,638,725,106",0.0000027816 
426,"4,877,142,288 ","1,754,878,070,486,450","4,877,142,288",0.0000027792 
427,"5,128,040,339 ","1,846,708,497,747,950","5,128,040,339",0.0000027769 
428,"5,392,072,556 ","1,943,366,995,000,250","5,392,072,556",0.0000027746 
429,"5,669,926,429 ","2,045,107,402,506,250","5,669,926,429",0.0000027724 
430,"5,962,325,436 ","2,152,196,906,417,250","5,962,325,436",0.0000027703 
431,"6,270,030,923 ","2,264,916,740,444,250","6,270,030,923",0.0000027683 
432,"6,593,844,085 ","2,383,562,924,421,250","6,593,844,085",0.0000027664 
433,"6,934,608,058 ","2,508,447,041,700,250","6,934,608,058",0.0000027645 
434,"7,293,210,104 ","2,639,897,057,418,250","7,293,210,104",0.0000027627 
435,"7,670,583,932 ","2,778,258,179,782,250","7,670,583,932",0.0000027609 
436,"8,067,712,120 ","2,923,893,766,642,250","8,067,712,120",0.0000027592 
437,"8,485,628,677 ","3,077,186,279,725,250","8,485,628,677",0.0000027576 
438,"8,925,421,737 ","3,238,538,289,037,250","8,925,421,737",0.0000027560 
439,"9,388,236,387 ","3,408,373,530,077,250","9,388,236,387",0.0000027545 
440,"9,875,277,650 ","3,587,138,016,630,250","9,875,277,650",0.0000027530 
441,"10,387,813,623 ","3,775,301,212,072,250","10,387,813,623",0.0000027515 
442,"10,927,178,780 ","3,973,357,262,251,250","10,927,178,780",0.0000027501 
443,"11,494,777,442 ","4,181,826,293,191,250","11,494,777,442",0.0000027487 
444,"12,092,087,435 ","4,401,255,777,025,250","12,092,087,435",0.0000027474 
445,"12,720,663,938 ","4,632,221,969,743,250","12,720,663,938",0.0000027461 
446,"13,382,143,531 ","4,875,331,424,528,250","13,382,143,531",0.0000027449 
447,"14,078,248,455 ","5,131,222,584,660,250","14,078,248,455",0.0000027436 
448,"14,810,791,097 ","5,400,567,460,167,250","14,810,791,097",0.0000027425 
449,"15,581,678,708 ","5,684,073,392,629,250","15,581,678,708",0.0000027413 
450,"16,392,918,365 ","5,982,484,912,765,250","16,392,918,365",0.0000027402 
451,"17,246,622,203 ","6,296,585,695,690,250","17,246,622,203",0.0000027390 
452,"18,145,012,906 ","6,627,200,618,964,250","18,145,012,906",0.0000027380 
453,"19,090,429,498 ","6,975,197,928,852,250","19,090,429,498",0.0000027369 
454,"20,085,333,432 ","7,341,491,520,472,250","20,085,333,432",0.0000027359 
455,"21,132,314,995 ","7,727,043,337,826,250","21,132,314,995",0.0000027349 
456,"22,234,100,054 ","8,132,865,900,017,250","22,234,100,054",0.0000027339 
457,"23,393,557,153 ","8,560,024,960,279,250","23,393,557,153",0.0000027329 
458,"24,613,704,977 ","9,009,642,304,812,250","24,613,704,977",0.0000027319 
459,"25,897,720,214 ","9,482,898,698,767,250","25,897,720,214",0.0000027310 
460,"27,248,945,824 ","9,981,036,987,119,250","27,248,945,824",0.0000027301 
461,"28,670,899,740 ","10,505,365,358,573,300","28,670,899,740",0.0000027292 
462,"30,167,284,029 ","11,057,260,781,070,300","30,167,284,029",0.0000027283 
463,"31,741,994,527 ","11,638,172,617,917,300","31,741,994,527",0.0000027274 
464,"33,399,130,981 ","12,249,626,434,045,300","33,399,130,981",0.0000027265 
465,"35,143,007,724 ","12,893,228,002,377,300","35,143,007,724",0.0000027257 
466,"36,978,164,905 ","13,570,667,520,839,300","36,978,164,905",0.0000027249 
467,"38,909,380,307 ","14,283,724,051,083,300","38,909,380,307",0.0000027240 
468,"40,941,681,787 ","15,034,270,190,578,300","40,941,681,787",0.0000027232 
469,"43,080,360,363 ","15,824,276,990,345,300","43,080,360,363",0.0000027224 
470,"45,330,983,987 ","16,655,819,131,243,300","45,330,983,987",0.0000027216 
471,"47,699,412,044 ","17,531,080,372,403,300","47,699,412,044",0.0000027208 
472,"50,191,810,601 ","18,452,359,286,121,300","50,191,810,601",0.0000027201 
473,"52,814,668,458 ","19,422,075,294,265,300","52,814,668,458",0.0000027193 
474,"55,574,814,045 ","20,442,775,022,055,300","55,574,814,045",0.0000027186 
475,"58,479,433,194 ","21,517,138,985,895,300","58,479,433,194",0.0000027178 
476,"61,536,087,844 ","22,647,988,632,835,300","61,536,087,844",0.0000027171 
477,"64,752,735,730 ","23,838,293,750,115,300","64,752,735,730",0.0000027163 
478,"68,137,751,096 ","25,091,180,264,305,300","68,137,751,096",0.0000027156 
479,"71,699,946,495 ","26,409,938,450,455,300","71,699,946,495",0.0000027149 
480,"75,448,595,732 ","27,798,031,572,895,300","75,448,595,732",0.0000027142 
481,"79,393,458,001 ","29,259,104,980,285,300","79,393,458,001",0.0000027135 
482,"83,544,803,296 ","30,796,995,678,885,300","83,544,803,296",0.0000027128 
483,"87,913,439,139 ","32,415,742,409,115,300","87,913,439,139",0.0000027121 
484,"92,510,738,717 ","34,119,596,251,925,300","92,510,738,717",0.0000027114 
485,"97,348,670,492 ","35,913,031,792,785,300","97,348,670,492",0.0000027107 
486,"102,439,829,347 ","37,800,758,872,665,300","102,439,829,347",0.0000027100 
487,"107,797,469,384 ","39,787,734,956,795,300","107,797,469,384",0.0000027093 
488,"113,435,538,418 ","41,879,178,153,735,300","113,435,538,418",0.0000027086 
489,"119,368,714,287 ","44,080,580,918,955,300","119,368,714,287",0.0000027080 
490,"125,612,443,063 ","46,397,724,478,865,300","125,612,443,063",0.0000027073 
491,"132,182,979,259 ","48,836,694,013,235,300","132,182,979,259",0.0000027066 
492,"139,097,428,138 ","51,403,894,635,805,300","139,097,428,138",0.0000027060 
493,"146,373,790,246 ","54,106,068,215,115,300","146,373,790,246",0.0000027053 
494,"154,031,008,266 ","56,950,311,079,705,300","154,031,008,266",0.0000027047 
495,"162,089,016,327 ","59,944,092,654,185,300","162,089,016,327",0.0000027040 
496,"170,568,791,897 ","63,095,275,075,095,300","170,568,791,897",0.0000027034 
497,"179,492,410,390 ","66,412,133,838,095,300","179,492,410,390",0.0000027027 
498,"188,883,102,626 ","69,903,379,530,735,300","188,883,102,626",0.0000027021 
499,"198,765,315,309 ","73,578,180,707,785,300","198,765,315,309",0.0000027014 
500,"209,164,774,658 ","77,446,187,969,285,300","209,164,774,658",0.0000027008 
501,"220,108,553,380 ","81,517,559,304,710,600","220,108,553,380",0.0000027001
502,"231,625,141,136 ","85,802,986,768,777,700","231,625,141,136",0.0000026995
503,"243,744,518,708 ","90,313,724,561,392,800","243,744,518,708",0.0000026989
504,"256,498,236,035 ","95,061,618,582,311,900","256,498,236,035",0.0000026982
505,"269,919,494,346 ","100,059,137,540,471,000","269,919,494,346",0.0000026976
506,"284,043,232,577 ","105,319,405,698,757,861","284,043,232,577",0.0000026970
507,"298,906,218,325 ","110,856,237,340,368,458","298,906,218,325",0.0000026963
508,"314,547,143,552 ","116,684,173,047,267,009","314,547,143,552",0.0000026957
509,"331,006,725,302 ","122,818,517,886,017,273","331,006,725,302",0.0000026951
510,"348,327,811,692 ","129,275,381,601,270,514","348,327,811,692",0.0000026945
511,"366,555,493,443 ","136,071,720,922,463,210","366,555,493,443",0.0000026938
512,"385,737,221,252 ","143,225,384,094,828,680","385,737,221,252",0.0000026932
513,"405,922,929,313 ","150,755,157,751,668,002","405,922,929,313",0.0000026926
514,"427,165,165,286 ","158,680,816,250,974,100","427,165,165,286",0.0000026920
515,"449,519,227,091 ","167,023,173,605,974,661","449,519,227,091",0.0000026914
516,"473,043,306,837 ","175,804,138,145,971,570","473,043,306,837",0.0000026907
517,"497,798,642,304 ","185,046,770,051,024,736","497,798,642,304",0.0000026901
518,"523,849,676,341 ","194,775,341,911,575,352","523,849,676,341",0.0000026895
519,"551,264,224,610 ","205,015,402,472,047,586","551,264,224,610",0.0000026889
520,"580,113,652,111 ","215,793,843,725,829,324","580,113,652,111",0.0000026883
521,"610,473,058,938 ","227,138,971,537,833,836","610,473,058,938",0.0000026877
522,"642,421,475,770 ","239,080,579,980,108,200","642,421,475,770",0.0000026871
523,"676,042,069,577 ","251,650,029,575,705,374","676,042,069,577",0.0000026864
524,"711,422,360,108 ","264,880,329,656,300,500","711,422,360,108",0.0000026858
525,"748,654,447,693 ","278,806,225,049,835,368","748,654,447,693",0.0000026852
526,"787,835,252,984 ","293,464,287,325,846,288","787,835,252,984",0.0000026846
527,"829,066,769,225 ","308,893,010,838,099,812","829,066,769,225",0.0000026840
528,"872,456,327,743 ","325,132,913,816,759,210","872,456,327,743",0.0000026834
529,"918,116,877,316 ","342,226,644,775,565,488","918,116,877,316",0.0000026828
530,"966,167,278,178 ","360,219,094,513,474,754","966,167,278,178",0.0000026822
531,"1,016,732,611,398 ","379,157,514,004,885,682","1,016,732,611,398",0.0000026816
532,"1,069,944,504,456 ","399,091,638,488,055,158","1,069,944,504,456",0.0000026809
533,"1,125,941,473,860 ","420,073,818,077,577,622","1,125,941,473,860",0.0000026803
534,"1,184,869,285,692 ","442,159,155,243,936,790","1,184,869,285,692",0.0000026797
535,"1,246,881,335,019 ","465,405,649,521,172,486","1,246,881,335,019",0.0000026791
536,"1,312,139,045,169 ","489,874,349,822,687,438","1,312,139,045,169",0.0000026785
537,"1,380,812,287,894 ","515,629,514,765,199,062","1,380,812,287,894",0.0000026779
538,"1,453,079,825,530 ","542,738,781,421,871,898","1,453,079,825,530",0.0000026773
539,"1,529,129,776,293 ","571,273,342,947,802,682","1,529,129,776,293",0.0000026767
540,"1,609,160,103,927 ","601,308,135,544,330,266","1,609,160,103,927",0.0000026761
541,"1,693,379,132,979 ","632,922,035,253,167,738","1,693,379,132,979",0.0000026755
542,"1,782,006,091,036 ","666,198,065,097,168,802","1,782,006,091,036",0.0000026749
543,"1,875,271,679,349 ","701,223,613,111,712,294","1,875,271,679,349",0.0000026743
544,"1,973,418,673,311 ","738,090,661,839,289,230","1,973,418,673,311",0.0000026737
545,"2,076,702,554,365 ","776,896,029,889,980,878","2,076,702,554,365",0.0000026731
546,"2,185,392,174,984 ","817,741,626,202,203,278","2,185,392,174,984",0.0000026725
547,"2,299,770,458,448 ","860,734,717,671,446,542","2,299,770,458,448",0.0000026719
548,"2,420,135,135,247 ","905,988,210,849,843,630","2,420,135,135,247",0.0000026713
549,"2,546,799,518,024 ","953,620,948,456,355,582","2,546,799,518,024",0.0000026707
550,"2,680,093,317,070 ","1,003,758,021,476,255,070","2,680,093,317,070",0.0000026701
551,"2,820,363,498,499 ","1,056,531,097,669,530,118","2,820,363,498,499",0.0000026695
552,"2,967,975,187,338 ","1,112,078,767,350,922,238","2,967,975,187,338",0.0000026689
553,"3,123,312,617,874 ","1,170,546,907,349,671,166","3,123,312,617,874",0.0000026683
554,"3,286,780,133,741 ","1,232,089,064,104,781,150","3,286,780,133,741",0.0000026676
555,"3,458,803,240,344 ","1,296,866,856,901,876,646","3,458,803,240,344",0.0000026670
556,"3,639,829,712,360 ","1,365,050,402,310,610,150","3,639,829,712,360",0.0000026664
557,"3,830,330,759,197 ","1,436,818,760,937,260,910","3,830,330,759,197",0.0000026658
558,"4,030,802,251,453 ","1,512,360,407,665,766,366","4,030,802,251,453",0.0000026652
559,"4,241,766,011,551 ","1,591,873,726,622,112,526","4,241,766,011,551",0.0000026646
560,"4,463,771,171,925 ","1,675,567,532,161,936,782","4,463,771,171,925",0.0000026640
561,"4,697,395,604,280 ","1,763,661,617,249,537,806","4,697,395,604,280",0.0000026634
562,"4,943,247,423,653 ","1,856,387,330,668,421,070","4,943,247,423,653",0.0000026628
563,"5,201,966,571,188 ","1,953,988,184,579,224,878","5,201,966,571,188",0.0000026622
564,"5,474,226,479,738 ","2,056,720,494,020,568,542","5,474,226,479,738",0.0000026616
565,"5,760,735,826,640 ","2,164,854,050,032,251,486","5,760,735,826,640",0.0000026610
566,"6,062,240,378,216 ","2,278,672,828,168,529,678","6,062,240,378,216",0.0000026604
567,"6,379,524,930,798 ","2,398,475,734,262,135,518","6,379,524,930,798",0.0000026598
568,"6,713,415,353,346 ","2,524,577,389,397,533,598","6,713,415,353,346",0.0000026592
569,"7,064,780,736,945 ","2,657,308,956,154,874,350","7,064,780,736,945",0.0000026586
570,"7,434,535,656,810 ","2,797,019,008,294,490,846","7,434,535,656,810",0.0000026580
571,"7,823,642,552,656 ","2,944,074,446,165,865,662","7,823,642,552,656",0.0000026574
572,"8,233,114,233,646 ","3,098,861,460,245,074,206","8,233,114,233,646",0.0000026568
573,"8,664,016,514,427 ","3,261,786,545,331,103,966","8,664,016,514,427",0.0000026562
574,"9,117,470,989,122 ","3,433,277,568,064,487,006","9,117,470,989,122",0.0000026556
575,"9,594,657,950,490 ","3,613,784,890,571,715,998","9,594,657,950,490",0.0000026550
576,"10,096,819,461,851 ","3,803,782,553,186,308,830","10,096,819,461,851",0.0000026544
577,"10,625,262,589,783 ","4,003,769,519,352,531,486","10,625,262,589,783",0.0000026538
578,"11,181,362,805,982 ","4,214,270,985,981,090,270","11,181,362,805,982",0.0000026532
579,"11,766,567,567,162 ","4,435,839,762,697,991,422","11,766,567,567,162",0.0000026526
580,"12,382,400,082,291 ","4,669,057,723,608,690,238","12,382,400,082,291",0.0000026520
581,"13,030,463,276,986 ","4,914,537,335,390,088,638","13,030,463,276,986",0.0000026514
582,"13,712,443,965,364 ","5,172,923,265,723,388,510","13,712,443,965,364",0.0000026508
583,"14,430,117,240,224 ","5,444,894,076,291,795,902","14,430,117,240,224",0.0000026502
584,"15,185,351,092,977 ","5,731,164,004,789,151,806","15,185,351,092,977",0.0000026496
585,"15,980,111,275,340 ","6,032,484,840,619,321,470","15,980,111,275,340",0.0000026490
586,"16,816,466,415,465 ","6,349,647,899,212,221,054","16,816,466,415,465",0.0000026484
587,"17,696,593,401,797 ","6,683,486,100,141,342,718","17,696,593,401,797",0.0000026478
588,"18,622,783,048,688 ","7,034,876,154,500,238,398","18,622,783,048,688",0.0000026472
589,"19,597,446,058,496 ","7,404,740,867,282,353,662","19,597,446,058,496",0.0000026466
590,"20,623,119,295,703 ","7,794,051,560,810,619,198","20,623,119,295,703",0.0000026460
591,"21,702,472,389,362 ","8,203,830,625,581,103,806","21,702,472,389,362",0.0000026454
592,"22,838,314,681,066 ","8,635,154,205,219,641,086","22,838,314,681,066",0.0000026448
593,"24,033,602,536,519 ","9,089,155,022,602,544,190","24,033,602,536,519",0.0000026442
594,"25,291,447,039,728 ","9,567,025,354,563,241,662","25,291,447,039,728",0.0000026436
595,"26,615,122,089,858 ","10,070,020,162,996,876,990","26,615,122,089,858",0.0000026430
596,"28,008,072,921,792 ","10,599,460,390,585,640,190","28,008,072,921,792",0.0000026424
597,"29,473,925,072,606 ","11,156,736,429,799,919,358","29,473,925,072,606",0.0000026418
598,"31,016,493,817,255 ","11,743,311,774,285,409,022","31,016,493,817,255",0.0000026412
599,"32,639,794,098,056 ","12,360,726,862,225,286,654","32,639,794,098,056",0.0000026406
600,"34,348,050,973,790 ","13,010,603,121,770,724,734","34,348,050,973,790",0.0000026400
601,"36,145,710,615,621 ","13,730,611,483,341,430,142","36,145,710,615,621",0.0000026325
602,"38,037,451,878,448 ","14,488,474,953,151,182,974","38,037,451,878,448",0.0000026254
603,"40,028,198,477,798 ","15,286,183,798,669,466,366","40,028,198,477,798",0.0000026186
604,"42,123,131,803,952 ","16,125,832,927,526,215,934","42,123,131,803,952",0.0000026122
605,"44,327,704,406,656 ","17,009,627,389,065,428,862","44,327,704,406,656",0.0000026060
606,"46,647,654,185,488 ","17,939,888,165,148,062,718","46,647,654,185,488",0.0000026002
607,"49,089,019,322,841 ","18,919,058,265,411,774,462","49,089,019,322,841",0.0000025947
608,"51,658,153,998,344 ","19,949,709,142,994,600,318","51,658,153,998,344",0.0000025894
609,"54,361,744,925,652 ","21,034,547,447,571,266,302","54,361,744,925,652",0.0000025844
610,"57,206,828,754,608 ","22,176,422,133,436,653,694","57,206,828,754,608",0.0000025796
611,"60,200,810,384,085 ","23,378,331,941,303,353,726","60,200,810,384,085",0.0000025751
612,"63,351,482,233,144 ","24,643,433,273,461,676,414","63,351,482,233,144",0.0000025707
613,"66,667,044,520,673 ","25,975,048,482,983,510,142","66,667,044,520,673",0.0000025666
614,"70,156,126,606,274 ","27,376,674,598,738,771,838","70,156,126,606,274",0.0000025626
615,"73,827,809,447,924 ","28,851,992,509,137,699,710","73,827,809,447,924",0.0000025588
616,"77,691,649,234,865 ","30,404,876,628,716,925,054","77,691,649,234,865",0.0000025552
617,"81,757,702,257,216 ","32,039,405,072,955,283,838","81,757,702,257,216",0.0000025518
618,"86,036,551,077,018 ","33,759,870,368,040,018,046","86,036,551,077,018",0.0000025485
619,"90,539,332,068,821 ","35,570,790,723,708,880,766","90,539,332,068,821",0.0000025453
620,"95,277,764,401,486 ","37,476,921,898,772,383,358","95,277,764,401,486",0.0000025423
621,"100,264,180,536,600 ","39,483,269,690,476,893,822","100,264,180,536,600",0.0000025394
622,"105,511,558,322,898 ","41,595,103,080,507,597,694","105,511,558,322,898",0.0000025366
623,"111,033,554,770,170 ","43,817,968,072,154,772,862","111,033,554,770,170",0.0000025340
624,"116,844,541,590,577 ","46,157,702,254,981,930,878","116,844,541,590,577",0.0000025314
625,"122,959,642,599,843 ","48,620,450,135,244,911,486","122,959,642,599,843",0.0000025290
626,"129,394,773,075,639 ","51,212,679,272,321,997,182","129,394,773,075,639",0.0000025266
627,"136,166,681,175,608 ","53,941,197,263,531,826,558","136,166,681,175,608",0.0000025244
628,"143,292,991,522,774 ","56,813,169,621,943,881,086","143,292,991,522,774",0.0000025222
629,"150,792,251,071,774 ","59,836,138,594,131,460,990","150,792,251,071,774",0.0000025201
630,"158,683,977,375,264 ","63,018,042,967,285,499,262","158,683,977,375,264",0.0000025181
631,"166,988,709,376,081 ","66,367,238,917,705,777,534","166,988,709,376,081",0.0000025161
632,"175,728,060,857,350 ","69,892,521,955,420,928,382","175,728,060,857,350",0.0000025143
633,"184,924,776,689,608 ","73,603,150,022,567,212,926","184,924,776,689,608",0.0000025125
634,"194,602,792,021,318 ","77,508,867,806,186,013,566","194,602,792,021,318",0.0000025107
635,"204,787,294,566,789 ","81,619,932,329,289,231,742","204,787,294,566,789",0.0000025090
636,"215,504,790,153,586 ","85,947,139,887,398,714,238","215,504,790,153,586",0.0000025074
637,"226,783,171,699,995 ","90,501,854,401,299,254,654","226,783,171,699,995",0.0000025058
638,"238,651,791,802,031 ","95,296,037,260,463,912,318","238,651,791,802,031",0.0000025043
639,"251,141,539,118,867 ","100,342,278,735,525,132,670","251,141,539,118,867",0.0000025028
640,"264,284,918,755,459 ","105,653,831,042,285,706,622","264,284,918,755,459",0.0000025014
641,"278,116,136,851,506 ","111,244,643,144,100,811,134","278,116,136,851,506",0.0000025000
642,"292,671,189,596,894 ","117,129,397,384,027,604,350","292,671,189,596,894",0.0000024987
643,"307,987,956,905,212 ","123,323,548,042,944,103,806","307,987,956,905,212",0.0000024974
644,"324,106,300,989,113 ","129,843,361,924,896,972,158","324,106,300,989,113",0.0000024961
645,"341,068,170,094,017 ","136,705,961,076,261,649,790","341,068,170,094,017",0.0000024949
646,"358,917,707,660,075 ","143,929,367,750,902,005,118","358,917,707,660,075",0.0000024937
647,"377,701,367,196,442 ","151,532,551,739,415,007,614","377,701,367,196,442",0.0000024925
648,"397,468,033,166,784 ","159,535,480,186,754,392,446","397,468,033,166,784",0.0000024914
649,"418,269,148,200,552 ","167,959,170,029,062,152,574","418,269,148,200,552",0.0000024903
650,"440,158,846,961,050 ","176,825,743,187,415,139,710","440,158,846,961,050",0.0000024892
651,"463,194,097,018,626 ","186,158,484,663,434,149,246","463,194,097,018,626",0.0000024882
652,"487,434,847,095,540 ","195,981,903,689,323,603,326","487,434,847,095,540",0.0000024871
653,"512,944,183,068,254 ","206,321,798,092,931,356,030","512,944,183,068,254",0.0000024861
654,"539,788,492,133,075 ","217,205,322,046,861,288,830","539,788,492,133,075",0.0000024852
655,"568,037,635,562,302 ","228,661,057,379,558,417,790","568,037,635,562,302",0.0000024842
656,"597,765,130,500,403 ","240,719,088,635,640,520,062","597,765,130,500,403",0.0000024832
657,"629,048,341,273,261 ","253,411,082,082,596,402,558","629,048,341,273,261",0.0000024823
658,"661,968,680,708,277 ","266,770,368,871,334,696,318","661,968,680,708,277",0.0000024814
659,"696,611,821,989,162 ","280,832,032,568,975,738,238","696,611,821,989,162",0.0000024805
660,"733,067,921,596,684 ","295,633,001,293,761,262,974","733,067,921,596,684",0.0000024797
661,"771,431,853,915,436 ","311,212,144,694,042,539,390","771,431,853,915,436",0.0000024788
662,"811,803,458,117,100 ","327,610,376,026,028,862,846","811,803,458,117,100",0.0000024780
663,"854,287,797,962,565 ","344,870,759,598,368,470,398","854,287,797,962,565",0.0000024771
664,"898,995,435,198,936 ","363,038,623,865,728,073,086","898,995,435,198,936",0.0000024763
665,"946,042,717,262,766 ","382,161,680,468,372,356,478","946,042,717,262,766",0.0000024755
666,"995,552,080,038,150 ","402,290,149,530,359,922,046","995,552,080,038,150",0.0000024747
667,"1,047,652,366,457,412 ","423,476,891,545,408,228,734","1,047,652,366,457,412",0.0000024739
668,"1,102,479,161,773,395 ","445,777,546,196,780,367,230","1,102,479,161,773,395",0.0000024732
669,"1,160,175,146,375,710 ","469,250,678,475,756,289,406","1,160,175,146,375,710",0.0000024724
670,"1,220,890,467,068,959 ","493,957,932,482,418,359,678","1,220,890,467,068,959",0.0000024716
671,"1,284,783,127,778,965 ","519,964,193,312,656,022,910","1,284,783,127,778,965",0.0000024709
672,"1,352,019,400,703,624 ","547,337,757,456,530,091,390","1,352,019,400,703,624",0.0000024702
673,"1,422,774,258,978,150 ","576,150,512,155,489,262,974","1,422,774,258,978,150",0.0000024694
674,"1,497,231,831,980,481 ","606,478,124,189,458,861,438","1,497,231,831,980,481",0.0000024687
675,"1,575,585,884,461,527 ","638,400,238,589,586,070,910","1,575,585,884,461,527",0.0000024680
676,"1,658,040,320,746,890 ","672,000,687,798,492,306,814","1,658,040,320,746,890",0.0000024673
677,"1,744,809,715,321,985 ","707,367,711,827,320,065,406","1,744,809,715,321,985",0.0000024666
678,"1,836,119,871,181,049 ","744,594,189,987,740,978,558","1,836,119,871,181,049",0.0000024659
679,"1,932,208,407,392,847 ","783,777,884,807,489,367,422","1,932,208,407,392,847",0.0000024652
680,"2,033,325,377,411,830 ","825,021,698,769,981,508,990","2,033,325,377,411,830",0.0000024646
681,"2,139,733,919,743,535 ","868,433,944,552,258,784,638","2,139,733,919,743,535",0.0000024639
682,"2,251,710,942,657,184 ","914,128,629,470,941,638,014","2,251,710,942,657,184",0.0000024632
683,"2,369,547,844,727,013 ","962,225,754,883,193,736,574","2,369,547,844,727,013",0.0000024626
684,"2,493,551,273,077,085 ","1,012,851,631,328,969,829,758","2,493,551,273,077,085",0.0000024619
685,"2,624,043,921,302,457 ","1,066,139,210,242,159,971,710","2,624,043,921,302,457",0.0000024613
686,"2,761,365,369,142,748 ","1,122,228,433,101,755,174,270","2,761,365,369,142,748",0.0000024606
687,"2,905,872,966,092,851 ","1,181,266,598,939,959,831,934","2,905,872,966,092,851",0.0000024600
688,"3,057,942,761,249,780 ","1,243,408,751,172,384,443,774","3,057,942,761,249,780",0.0000024593
689,"3,217,970,481,814,993 ","1,308,818,084,766,194,937,214","3,217,970,481,814,993",0.0000024587
690,"3,386,372,562,798,071 ","1,377,666,374,815,505,567,102","3,386,372,562,798,071",0.0000024580
691,"3,563,587,230,600,886 ","1,450,134,427,649,521,094,014","3,563,587,230,600,886",0.0000024574
692,"3,750,075,643,301,548 ","1,526,412,555,658,108,423,550","3,750,075,643,301,548",0.0000024568
693,"3,946,323,090,604,936 ","1,606,701,077,081,763,663,230","3,946,323,090,604,936",0.0000024562
694,"4,152,840,256,581,884 ","1,691,210,842,078,500,769,150","4,152,840,256,581,884",0.0000024555
695,"4,370,164,548,482,395 ","1,780,163,786,449,195,453,822","4,370,164,548,482,395",0.0000024549
696,"4,598,861,495,080,217 ","1,873,793,514,475,553,197,438","4,598,861,495,080,217",0.0000024543
697,"4,839,526,218,186,985 ","1,972,345,912,401,324,723,582","4,839,526,218,186,985",0.0000024537
698,"5,092,784,981,164,488 ","2,076,079,794,167,866,051,966","5,092,784,981,164,488",0.0000024531
699,"5,359,296,818,463,972 ","2,185,267,581,099,845,307,774","5,359,296,818,463,972",0.0000024525
700,"5,639,755,250,432,165 ","2,300,196,017,326,056,721,790","5,639,755,250,432,165",0.0000024519
